area;ind;behavior;sp;fortnight
SABMAR;M956;FEEDING;ory_cun;1
SABMAR;M956;FEEDING;ory_cun;1
SABMAR;M956;FEEDING;ory_cun;1
SABMAR;M986;FEEDING;ory_cun;1
SABMAR;M986;FEEDING;ory_cun;1
SABMAR;M986;FEEDING;ory_cun;1
SABMAR;M956;FEEDING;ory_cun;1
SABOJI;O580;FEEDING;ory_cun;1
SABMAR;M956;FEEDING;ory_cun;1
SABMAR;M986;FEEDING;ory_cun;1
SABMAR;M986;FEEDING;ory_cun;1
SABMAR;M986;FEEDING;ory_cun;1
SABMAR;M956;FEEDING;ory_cun;1
SABMAR;M956;FEEDING;ory_cun;1
SABMAR;M956;FEEDING;ory_cun;1
SABMAR;M956;FEEDING;cer_ela;1
SABMAR;M986;FEEDING;ory_cun;1
SABMAR;M986;FEEDING;ory_cun;1
SABMAR;M956;FEEDING;ory_cun;1
SABOJI;O304;FEEDING;ory_cun;1
SABMAR;M986;FEEDING;ory_cun;1
SABOJI;O304;NO FEEDING;tur_phi;1
SABMAR;M986;FEEDING;ory_cun;1
SABCOL;C056;FEEDING;vul_vul;1
SABMAR;M986;FEEDING;ory_cun;1
SABMAR;M986;FEEDING;ory_cun;1
SABMAR;M986;FEEDING;ory_cun;1
SABMAR;M986;NO FEEDING;eri_rub;2
SABCOL;C056;FEEDING;vul_vul;2
SABMAR;M956;FEEDING;ory_cun;2
SABMAR;M956;FEEDING;ory_cun;2
SABMAR;M956;FEEDING;ory_cun;2
SABMAR;M956;FEEDING;ory_cun;2
SABMAR;M956;FEEDING;cya_cya;2
SABMAR;M956;FEEDING;ory_cun;2
SABMAR;M956;FEEDING;ory_cun;2
SABMAR;M956;FEEDING;ory_cun;2
SABMAR;M956;FEEDING;ory_cun;2
SABCOL;C056;FEEDING;gen_gen;3
SABOJI;O580;NO FEEDING;tur_phi;3
SABMAR;M956;FEEDING;ory_cun;3
SABCOL;C168;NO FEEDING;vul_vul;3
SABOJI;O580;NO FEEDING;tur_phi;3
SABOJI;O580;NO FEEDING;tur_phi;3
SABMAR;M956;FEEDING;ory_cun;3
SABCOL;C056;FEEDING;cer_ela;3
SABCOL;C168;NO FEEDING;tur_phi;3
SABCOL;C168;FEEDING;tur_phi;3
SABCOL;C168;NO FEEDING;her_icn;3
SABCOL;C168;FEEDING;cer_ela;3
SABOJI;O580;NO FEEDING;eri_rub;3
SABMAR;M956;NO FEEDING;her_icn;3
SABMAR;M956;NO FEEDING;her_icn;3
SABMAR;M956;NO FEEDING;her_icn;3
SABMAR;M956;FEEDING;ory_cun;3
SABMAR;M956;FEEDING;ory_cun;3
SABMAR;M956;FEEDING;ory_cun;3
SABCOL;C168;FEEDING;cer_ela;3
SABOJI;O580;NO FEEDING;tur_phi;3
SABMAR;M956;FEEDING;ory_cun;3
SABMAR;M956;FEEDING;ory_cun;3
SABMAR;M956;FEEDING;ory_cun;3
SABMAR;M956;FEEDING;ory_cun;3
SABMAR;M956;FEEDING;ory_cun;3
SABMAR;M956;FEEDING;ory_cun;3
SABMAR;M956;FEEDING;ory_cun;3
SABMAR;M956;FEEDING;ory_cun;3
SABMAR;M956;FEEDING;ory_cun;3
SABMAR;M956;FEEDING;ory_cun;3
SABMAR;M956;FEEDING;ory_cun;3
SABMAR;M956;FEEDING;ory_cun;3
SABMAR;M956;FEEDING;ory_cun;3
SABMAR;M956;FEEDING;ory_cun;3
SABMAR;M956;FEEDING;ory_cun;3
SABMAR;M956;FEEDING;ory_cun;3
SABMAR;M956;FEEDING;ory_cun;3
SABMAR;M956;FEEDING;ory_cun;3
SABMAR;M956;FEEDING;ory_cun;3
SABMAR;M956;FEEDING;ory_cun;3
SABCOL;C168;NO FEEDING;eri_rub;3
SABCOL;C168;NO FEEDING;eri_rub;3
SABOJI;O580;NO FEEDING;ory_cun;3
SABMAR;M956;FEEDING;ory_cun;3
SABOJI;O304;FEEDING;ory_cun;3
SABMAR;M956;FEEDING;ory_cun;3
SABMAR;M956;FEEDING;ory_cun;3
SABCOL;C056;FEEDING;cer_ela;3
SABOJI;O304;NO FEEDING;tur_phi;3
SABOJI;O304;NO FEEDING;tur_phi;3
SABOJI;O304;FEEDING;cer_ela;3
SABOJI;O304;NO FEEDING;tur_phi;3
SABOJI;O304;NO FEEDING;tur_phi;3
SABMAR;M956;FEEDING;ory_cun;3
SABMAR;M956;FEEDING;ory_cun;3
SABMAR;M956;FEEDING;ory_cun;3
SABMAR;M956;FEEDING;ory_cun;3
SABMAR;M956;FEEDING;ory_cun;3
SABMAR;M956;FEEDING;ory_cun;4
SABMAR;M956;FEEDING;ory_cun;4
SABMAR;M956;FEEDING;ory_cun;4
SABMAR;M956;FEEDING;ory_cun;4
SABOJI;O580;NO FEEDING;tur_phi;4
SABMAR;M956;FEEDING;ory_cun;4
SABMAR;M956;FEEDING;ory_cun;4
SABMAR;M956;FEEDING;ory_cun;4
SABMAR;M956;FEEDING;ory_cun;4
SABMAR;M956;FEEDING;ory_cun;4
SABMAR;M956;FEEDING;ory_cun;4
SABMAR;M956;FEEDING;ory_cun;4
SABMAR;M956;FEEDING;ory_cun;4
SABMAR;M956;FEEDING;ory_cun;4
SABMAR;M956;FEEDING;ory_cun;4
SABMAR;M956;FEEDING;ory_cun;4
SABMAR;M956;FEEDING;ory_cun;4
SABMAR;M956;FEEDING;ory_cun;4
SABMAR;M956;FEEDING;ory_cun;4
SABMAR;M956;FEEDING;ory_cun;4
SABMAR;M956;FEEDING;ory_cun;4
SABMAR;M956;FEEDING;ory_cun;4
SABMAR;M956;FEEDING;ory_cun;4
SABMAR;M956;FEEDING;ory_cun;4
SABMAR;M956;NO FEEDING;tur_mer;4
SABMAR;M956;FEEDING;ory_cun;4
SABMAR;M956;FEEDING;ory_cun;4
SABMAR;M956;NO FEEDING;eri_rub;4
SABMAR;M956;FEEDING;ory_cun;4
SABMAR;M304;NO FEEDING;eri_rub;4
SABCOL;C168;FEEDING;cer_ela;4
SABCOL;C168;FEEDING;cer_ela;4
SABMAR;M956;NO FEEDING;tur_phi;4
SABMAR;M956;FEEDING;ory_cun;4
SABMAR;M956;FEEDING;ory_cun;4
SABMAR;M956;FEEDING;ory_cun;4
SABMAR;M956;FEEDING;ory_cun;4
SABOJI;O304;FEEDING;ory_cun;5
SABCOL;C168;FEEDING;gen_gen;5
SABCOL;C168;FEEDING;gen_gen;5
SABMAR;M956;FEEDING;ory_cun;5
SABMAR;M956;FEEDING;ory_cun;5
SABMAR;M956;FEEDING;ory_cun;5
SABMAR;M956;FEEDING;ory_cun;5
SABMAR;M956;FEEDING;ory_cun;5
SABMAR;M956;FEEDING;ory_cun;5
SABMAR;M956;FEEDING;ory_cun;5
SABMAR;M956;FEEDING;ory_cun;5
SABMAR;M956;FEEDING;ory_cun;5
SABMAR;M956;FEEDING;ory_cun;5
SABCOL;C056;FEEDING;cer_ela;5
SABCOL;C056;FEEDING;cer_ela;5
SABCOL;C056;FEEDING;chl_chl;5
SABCOL;C056;FEEDING;tur_phi;5
SABCOL;C056;NO FEEDING;chl_chl;5
SABCOL;C056;NO FEEDING;chl_chl;5
SABMAR;M956;FEEDING;ory_cun;5
SABMAR;M956;FEEDING;ory_cun;5
SABMAR;M956;FEEDING;ory_cun;5
SABMAR;M956;FEEDING;ory_cun;5
SABCOL;C056;FEEDING;tur_phi;5
SABCOL;C056;FEEDING;chl_chl;5
SABCOL;C056;FEEDING;vul_vul;5
SABCOL;C056;NO FEEDING;chl_chl;5
SABMAR;M956;FEEDING;ory_cun;5
SABMAR;M956;FEEDING;ory_cun;5
SABMAR;M956;FEEDING;ory_cun;5
SABMAR;M956;FEEDING;ory_cun;5
SABMAR;M956;FEEDING;ory_cun;5
SABMAR;M956;FEEDING;ory_cun;5
SABMAR;M956;FEEDING;ory_cun;5
SABMAR;M956;FEEDING;ory_cun;5
SABMAR;M956;FEEDING;ory_cun;5
SABCOL;C056;FEEDING;tur_phi;5
SABCOL;C056;FEEDING;cer_ela;5
SABCOL;C168;FEEDING;cer_ela;5
SABMAR;M956;FEEDING;ory_cun;5
SABMAR;M956;FEEDING;cer_ela;5
SABCOL;C168;FEEDING;vul_vul;5
SABMAR;M956;FEEDING;ory_cun;5
SABCOL;C168;FEEDING;cer_ela;5
SABMAR;M956;FEEDING;ory_cun;5
SABMAR;M956;FEEDING;ory_cun;5
SABMAR;M956;FEEDING;ory_cun;5
SABMAR;M956;FEEDING;ory_cun;5
SABMAR;M956;FEEDING;ory_cun;5
SABOJI;O580;FEEDING;tur_phi;5
SABOJI;O580;NO FEEDING;tur_phi;5
SABMAR;M304;NO FEEDING;her_icn;5
SABCOL;C168;FEEDING;vul_vul;5
SABOJI;O580;NO FEEDING;tur_phi;5
SABOJI;O580;NO FEEDING;tur_phi;5
SABMAR;M956;FEEDING;ory_cun;5
SABMAR;M956;FEEDING;ory_cun;5
SABMAR;M956;FEEDING;ory_cun;5
SABMAR;M956;FEEDING;ory_cun;5
SABCOL;C168;NO FEEDING;syl_mel;6
SABMAR;M956;FEEDING;ory_cun;6
SABMAR;M956;FEEDING;eri_rub;6
SABCOL;C056;FEEDING;tur_phi;6
SABCOL;C056;FEEDING;tur_phi;6
SABCOL;C056;FEEDING;chl_chl;6
SABCOL;C168;NO FEEDING;eri_rub;6
SABCOL;C168;NO FEEDING;tur_phi;6
SABMAR;M956;NO FEEDING;syl_mel;6
SABCOL;C056;FEEDING;chl_chl;6
SABOJI;O580;NO FEEDING;her_icn;6
SABMAR;M956;FEEDING;ory_cun;6
SABCOL;C168;NO FEEDING;eri_rub;6
SABOJI;O580;NO FEEDING;ory_cun;6
SABOJI;O580;NO FEEDING;ory_cun;6
SABOJI;O580;NO FEEDING;tur_phi;6
SABMAR;M956;FEEDING;ory_cun;6
SABMAR;M956;FEEDING;ory_cun;6
SABMAR;M956;NO FEEDING;syl_mel;6
SABCOL;C056;FEEDING;chl_chl;6
SABCOL;C056;FEEDING;chl_chl;6
SABCOL;C056;FEEDING;chl_chl;6
SABMAR;M956;FEEDING;ory_cun;6
SABMAR;M956;NO FEEDING;syl_mel;6
SABMAR;M956;FEEDING;ory_cun;6
SABMAR;M956;FEEDING;ory_cun;6
SABMAR;M956;FEEDING;ory_cun;6
SABMAR;M956;FEEDING;tur_phi;6
SABMAR;M956;FEEDING;ory_cun;6
SABMAR;M956;FEEDING;ory_cun;6
SABMAR;M956;FEEDING;ory_cun;6
SABCOL;C056;NO FEEDING;tur_phi;6
SABCOL;C056;FEEDING;cer_ela;6
SABCOL;C056;FEEDING;cer_ela;6
SABCOL;C056;FEEDING;cer_ela;6
SABCOL;C168;NO FEEDING;eri_rub;6
SABMAR;M956;FEEDING;ory_cun;6
SABMAR;M956;FEEDING;ory_cun;6
SABMAR;M304;NO FEEDING;tur_phi;6
SABCOL;C056;FEEDING;cer_ela;6
SABMAR;M956;FEEDING;ory_cun;6
SABMAR;M956;FEEDING;ory_cun;6
SABMAR;M956;FEEDING;ory_cun;6
SABMAR;M956;FEEDING;ory_cun;6
SABMAR;M304;NO FEEDING;ory_cun;6
SABMAR;M956;FEEDING;ory_cun;6
SABMAR;M956;FEEDING;ory_cun;6
SABMAR;M956;NO FEEDING;tur_phi;6
SABMAR;M956;FEEDING;ory_cun;6
SABMAR;M956;FEEDING;ory_cun;6
SABMAR;M664;NO FEEDING;eri_rub;6
SABMAR;M956;FEEDING;ory_cun;6
SABMAR;M956;FEEDING;ory_cun;6
SABMAR;M956;FEEDING;ory_cun;6
SABMAR;M956;FEEDING;ory_cun;6
SABCOL;C056;FEEDING;vul_vul;6
SABOJI;O304;NO FEEDING;gen_gen;6
SABMAR;M956;FEEDING;ory_cun;6
SABMAR;M956;FEEDING;ory_cun;6
SABMAR;M956;NO FEEDING;eri_rub;6
SABMAR;M136;NO FEEDING;vul_vul;7
SABMAR;M956;NO FEEDING;ory_cun;7
SABCOL;C055;NO FEEDING;tur_phi;7
SABCOL;C168;NO FEEDING;tur_phi;7
SABMAR;M956;NO FEEDING;vul_vul;7
SABCOL;C018;NO FEEDING;her_icn;7
SABOJI;O580;NO FEEDING;ory_cun;7
SABOJI;O304;NO FEEDING;ory_cun;7
SABOJI;O304;NO FEEDING;ory_cun;7
SABMAR;M541;FEEDING;cer_ela;7
SABMAR;M956;NO FEEDING;ory_cun;7
SABMAR;M956;FEEDING;ory_cun;7
SABMAR;M956;FEEDING;ory_cun;7
SABMAR;M956;FEEDING;ory_cun;7
SABCOL;C150;FEEDING;chl_chl;7
SABCOL;C150;NO FEEDING;tur_phi;7
SABOJI;O304;NO FEEDING;ory_cun;7
SABOJI;O580;FEEDING;tur_phi;7
SABMAR;M956;FEEDING;ory_cun;7
SABCOL;C150;NO FEEDING;chl_chl;7
SABCOL;C150;NO FEEDING;tur_phi;7
SABCOL;C150;NO FEEDING;tur_mer;7
SABOJI;O580;NO FEEDING;ory_cun;7
SABMAR;M956;FEEDING;ory_cun;7
SABMAR;M956;FEEDING;ory_cun;7
SABCOL;C150;NO FEEDING;tur_phi;7
SABCOL;C150;FEEDING;tur_phi;7
SABCOL;C150;NO FEEDING;tur_phi;7
SABMAR;M956;NO FEEDING;ory_cun;7
SABMAR;M956;FEEDING;ory_cun;7
SABOJI;O580;FEEDING;tur_phi;7
SABMAR;M956;NO FEEDING;ory_cun;7
SABMAR;M956;FEEDING;vul_vul;7
SABCOL;C176;FEEDING;vul_vul;7
SABCOL;C176;FEEDING;vul_vul;7
SABOJI;O580;NO FEEDING;ory_cun;7
SABOJI;O580;NO FEEDING;tur_phi;7
SABOJI;O580;NO FEEDING;eri_rub;7
SABMAR;M956;NO FEEDING;ory_cun;7
SABOJI;O580;NO FEEDING;eri_rub;7
SABOJI;O304;NO FEEDING;tur_phi;7
SABOJI;O580;NO FEEDING;tur_phi;7
SABMAR;M956;NO FEEDING;ory_cun;7
SABCOL;C055;NO FEEDING;eri_rub;7
SABCOL;C055;NO FEEDING;syl_mel;7
SABMAR;M136;NO FEEDING;vul_vul;7
SABOJI;O304;FEEDING;vul_vul;7
SABCOL;C168;NO FEEDING;eri_rub;7
SABOJI;O304;NO FEEDING;ory_cun;7
SABMAR;M541;NO FEEDING;tur_phi;8
SABMAR;M136;NO FEEDING;tur_phi;8
SABOJI;O304;NO FEEDING;tur_phi;8
SABMAR;M541;NO FEEDING;tur_phi;8
SABMAR;M541;NO FEEDING;tur_phi;8
SABMAR;M541;NO FEEDING;tur_phi;8
SABMAR;M136;NO FEEDING;tur_phi;8
SABOJI;O580;NO FEEDING;ory_cun;8
SABMAR;M136;NO FEEDING;tur_phi;8
SABMAR;M136;NO FEEDING;tur_phi;8
SABCOL;C168;FEEDING;cer_ela;8
SABOJI;O580;NO FEEDING;ory_cun;8
SABCOL;C018;FEEDING;cer_ela;8
SABCOL;C055;NO FEEDING;eri_rub;8
SABCOL;C176;FEEDING;cer_ela;8
SABCOL;C176;FEEDING;cer_ela;8
SABOJI;O304;FEEDING;ory_cun;8
SABMAR;M541;NO FEEDING;tur_phi;8
SABOJI;O682;NO FEEDING;ory_cun;8
SABCOL;C055;NO FEEDING;eri_rub;8
SABCOL;C176;FEEDING;cer_ela;8
SABOJI;O580;NO FEEDING;ory_cun;8
SABMAR;M136;NO FEEDING;tur_phi;8
SABCOL;C055;FEEDING;cer_ela;8
SABOJI;O304;NO FEEDING;tur_phi;8
SABMAR;M136;NO FEEDING;tur_phi;8
SABMAR;M956;FEEDING;tur_phi;8
SABMAR;M956;FEEDING;tur_phi;8
SABMAR;M956;FEEDING;ory_cun;8
SABMAR;M956;FEEDING;ory_cun;8
SABCOL;C018;NO FEEDING;eri_rub;8
SABCOL;C055;NO FEEDING;eri_rub;8
SABOJI;O580;NO FEEDING;ory_cun;8
SABOJI;O148;NO FEEDING;ory_cun;9
SABMAR;M208;FEEDING;ory_cun;9
SABOJI;O231;NO FEEDING;ory_cun;9
SABCOL;C107;FEEDING;vul_vul;9
SABCOL;C131;NO FEEDING;eri_rub;9
SABOJI;O023;NO FEEDING;tur_phi;9
SABOJI;O231;NO FEEDING;ory_cun;9
SABCOL;C014;FEEDING;cer_ela;9
SABMAR;M144;FEEDING;ory_cun;9
SABMAR;M144;NO FEEDING;eri_rub;9
SABOJI;O045;FEEDING;ory_cun;9
SABOJI;O023;NO FEEDING;her_icn;9
SABCOL;C002;FEEDING;cer_ela;9
SABMAR;M144;NO FEEDING;ory_cun;9
SABMAR;M144;NO FEEDING;ory_cun;9
SABCOL;C014;NO FEEDING;eri_rub;9
SABOJI;O045;FEEDING;ory_cun;9
SABCOL;C193;FEEDING;cer_ela;9
SABOJI;O112;NO FEEDING;tur_phi;9
SABOJI;O112;NO FEEDING;tur_phi;9
SABOJI;O112;NO FEEDING;tur_phi;9
SABOJI;O112;NO FEEDING;tur_phi;9
SABOJI;O112;NO FEEDING;tur_phi;9
SABCOL;C162;FEEDING;cer_ela;9
SABOJI;O241;NO FEEDING;cer_ela;9
SABCOL;C193;FEEDING;cer_ela;9
SABOJI;O241;NO FEEDING;tur_phi;9
SABCOL;C017;FEEDING;cer_ela;9
SABOJI;O112;NO FEEDING;tur_phi;9
SABOJI;O112;NO FEEDING;tur_phi;9
SABCOL;C193;FEEDING;cer_ela;9
SABOJI;O112;NO FEEDING;tur_phi;9
SABCOL;C153;FEEDING;cer_ela;10
SABCOL;C174;FEEDING;cer_ela;10
SABMAR;M702;NO FEEDING;syl_und;10
SABMAR;M702;NO FEEDING;syl_und;10
SABCOL;C153;FEEDING;tur_mer;10
SABCOL;C174;NO FEEDING;vul_vul;10
SABOJI;O553;FEEDING;cer_ela;10
SABCOL;C150;FEEDING;gen_gen;10
SABCOL;C153;FEEDING;gen_gen;10
SABOJI;O488;NO FEEDING;ory_cun;10
SABOJI;O488;NO FEEDING;ory_cun;10
SABMAR;M694;FEEDING;ory_cun;10
SABCOL;C150;FEEDING;gen_gen;10
SABOJI;O488;NO FEEDING;ory_cun;10
SABOJI;O488;NO FEEDING;ory_cun;10
SABOJI;O582;NO FEEDING;ory_cun;10
SABMAR;M826;NO FEEDING;ory_cun;10
SABCOL;C150;NO FEEDING;tur_phi;10
SABOJI;O488;NO FEEDING;tur_phi;10
SABMAR;M531;NO FEEDING;syl_und;10
SABMAR;M826;NO FEEDING;ory_cun;10
SABCOL;C150;NO FEEDING;tur_phi;10
SABCOL;C150;NO FEEDING;tur_phi;10
SABOJI;O488;NO FEEDING;tur_phi;10
SABOJI;O488;NO FEEDING;tur_phi;10
SABOJI;O514;NO FEEDING;tur_phi;10
SABOJI;O582;NO FEEDING;tur_phi;10
SABOJI;O582;NO FEEDING;tur_phi;10
SABMAR;M843;NO FEEDING;tur_mer;10
SABCOL;C150;FEEDING;tur_phi;10
SABOJI;O488;NO FEEDING;ory_cun;10
SABOJI;O488;NO FEEDING;ory_cun;10
SABOJI;O514;NO FEEDING;ory_cun;10
SABOJI;O582;NO FEEDING;tur_phi;10
SABOJI;O582;NO FEEDING;tur_phi;10
SABMAR;M749;FEEDING;ory_cun;10
SABCOL;C150;NO FEEDING;tur_phi;10
SABCOL;C150;NO FEEDING;tur_phi;10
SABCOL;C150;FEEDING;tur_phi;10
SABCOL;C150;NO FEEDING;tur_phi;10
SABOJI;O488;NO FEEDING;tur_phi;10
SABOJI;O488;NO FEEDING;tur_phi;10
SABOJI;O488;NO FEEDING;ory_cun;10
SABOJI;O488;NO FEEDING;tur_phi;10
SABOJI;O488;NO FEEDING;ory_cun;10
SABOJI;O488;NO FEEDING;ory_cun;10
SABOJI;O488;NO FEEDING;ory_cun;10
SABOJI;O488;NO FEEDING;tur_phi;10
SABOJI;O488;NO FEEDING;tur_phi;10
SABOJI;O488;NO FEEDING;ory_cun;10
SABOJI;O488;NO FEEDING;ory_cun;10
SABOJI;O582;NO FEEDING;tur_phi;10
SABOJI;O582;NO FEEDING;ory_cun;10
SABMAR;M749;NO FEEDING;tur_phi;10
SABMAR;M749;NO FEEDING;ory_cun;10
SABMAR;M749;NO FEEDING;ory_cun;10
SABMAR;M826;NO FEEDING;ory_cun;10
SABOJI;O582;NO FEEDING;ory_cun;10
SABMAR;M694;NO FEEDING;tur_phi;10
SABMAR;M826;FEEDING;ory_cun;10
SABMAR;M826;NO FEEDING;ory_cun;10
SABOJI;O582;NO FEEDING;ory_cun;10
SABOJI;O582;NO FEEDING;ory_cun;10
SABMAR;M207;NO FEEDING;tur_phi;10
SABOJI;O231;NO FEEDING;ory_cun;10
SABOJI;O685;NO FEEDING;ory_cun;11
SABMAR;M136;NO FEEDING;ory_cun;11
SABCOL;C285;FEEDING;sus_scr;11
SABCOL;C285;FEEDING;sus_scr;11
SABMAR;M136;NO FEEDING;syl_mel;11
SABCOL;C162;NO FEEDING;her_icn;11
SABCOL;C162;FEEDING;cer_ela;11
SABMAR;M136;FEEDING;cya_cya;11
SABMAR;M315;NO FEEDING;sus_scr;11
SABOJI;O682;NO FEEDING;vul_vul;11
SABMAR;M315;NO FEEDING;sus_scr;11
SABMAR;M541;NO FEEDING;cet_cet;11
SABMAR;M541;NO FEEDING;ory_cun;11
SABCOL;C174;NO FEEDING;lep_gra;11
SABMAR;M820;NO FEEDING;ory_cun;11
SABCOL;C174;FEEDING;cer_ela;11
SABOJI;O463;NO FEEDING;ory_cun;11
SABOJI;O463;NO FEEDING;ory_cun;11
SABMAR;M843;FEEDING;ory_cun;11
SABCOL;C174;FEEDING;cer_ela;11
SABOJI;O582;NO FEEDING;cet_cet;11
SABOJI;O582;NO FEEDING;lus_meg;11
SABCOL;C153;FEEDING;cer_ela;11
SABCOL;C153;FEEDING;cer_ela;11
SABCOL;C150;NO FEEDING;lus_meg;11
SABOJI;O463;NO FEEDING;ory_cun;11
SABOJI;O463;NO FEEDING;ory_cun;11
SABCOL;C153;FEEDING;gen_gen;11
SABCOL;C153;FEEDING;gen_gen;11
SABCOL;C153;FEEDING;cer_ela;11
SABOJI;O463;NO FEEDING;ory_cun;11
SABOJI;O268;NO FEEDING;ory_cun;12
SABMAR;M986;NO FEEDING;gen_gen;12
SABOJI;O642;NO FEEDING;her_icn;12
SABMAR;M457;NO FEEDING;ory_cun;12
SABOJI;O268;NO FEEDING;her_icn;12
SABMAR;M664;NO FEEDING;tur_mer;12
SABOJI;O268;FEEDING;ory_cun;12
SABOJI;O839;NO FEEDING;ory_cun;12
SABMAR;M664;NO FEEDING;ory_cun;12
SABMAR;M136;NO FEEDING;ory_cun;12
SABCOL;C017;FEEDING;cer_ela;12
SABMAR;M315;NO FEEDING;ory_cun;12
SABCOL;C162;FEEDING;cer_ela;12
SABCOL;C024;NO FEEDING;lep_gra;13
SABOJI;O072;NO FEEDING;ory_cun;13
SABOJI;O072;FEEDING;ory_cun;13
SABOJI;O072;NO FEEDING;ory_cun;13
SABOJI;O072;NO FEEDING;ory_cun;13
SABOJI;O072;NO FEEDING;ory_cun;13
SABOJI;O231;NO FEEDING;ale_ruf;13
SABOJI;O231;NO FEEDING;ale_ruf;13
SABOJI;O072;NO FEEDING;ory_cun;13
SABOJI;O123;NO FEEDING;ory_cun;13
SABOJI;O123;NO FEEDING;ory_cun;13
SABOJI;O072;NO FEEDING;ory_cun;13
SABCOL;C107;NO FEEDING;syl_hor;13
SABCOL;C119;NO FEEDING;gen_gen;13
SABOJI;O268;FEEDING;ory_cun;13
SABOJI;O268;NO FEEDING;vul_vul;13
SABMAR;M986;NO FEEDING;ory_cun;13
SABOJI;O268;NO FEEDING;ory_cun;13
SABOJI;O268;NO FEEDING;ory_cun;13
SABMAR;M986;NO FEEDING;ory_cun;13
SABOJI;O621;NO FEEDING;tur_mer;14
SABCOL;C131;NO FEEDING;mel_mel;14
SABOJI;O314;NO FEEDING;syl_und;14
SABOJI;O621;NO FEEDING;ory_cun;14
SABOJI;O072;FEEDING;mel_mel;14
SABOJI;O072;NO FEEDING;mel_mel;14
SABOJI;O621;NO FEEDING;ory_cun;14
SABOJI;O072;NO FEEDING;ory_cun;14
SABOJI;O621;NO FEEDING;ory_cun;14
SABOJI;O072;NO FEEDING;ory_cun;14
SABCOL;C018;NO FEEDING;syl_und;14
SABCOL;C193;NO FEEDING;tur_phi;15
SABOJI;O123;FEEDING;her_icn;15
SABCOL;C065;FEEDING;cer_ela;15
SABCOL;C140;FEEDING;vul_vul;15
SABCOL;C140;FEEDING;chl_chl;15
SABCOL;C140;FEEDING;chl_chl;15
SABOJI;O067;NO FEEDING;tur_phi;15
SABCOL;C054;NO FEEDING;eri_rub;15
SABMAR;M036;NO FEEDING;eri_rub;15
SABMAR;M144;NO FEEDING;syl_mel;15
SABOJI;O067;NO FEEDING;eri_rub;15
SABOJI;O067;FEEDING;ory_cun;15
SABOJI;O067;FEEDING;ory_cun;15
SABOJI;O334;NO FEEDING;tur_phi;15
SABOJI;O334;NO FEEDING;tur_phi;15
SABOJI;O766;NO FEEDING;eri_rub;15
SABMAR;M315;NO FEEDING;eri_rub;15
SABMAR;M315;NO FEEDING;tur_phi;15
SABMAR;M457;NO FEEDING;tur_phi;15
SABCOL;C075;NO FEEDING;tur_phi;15
SABCOL;C075;NO FEEDING;syl_mel;15
SABOJI;O148;NO FEEDING;ory_cun;15
SABMAR;M304;NO FEEDING;eri_rub;15
SABMAR;M315;NO FEEDING;eri_rub;15
SABCOL;C075;NO FEEDING;tur_phi;15
SABOJI;O054;NO FEEDING;ory_cun;15
SABOJI;O148;NO FEEDING;eri_rub;15
SABOJI;O488;NO FEEDING;tur_ili;15
SABOJI;O766;FEEDING;tur_phi;15
SABMAR;M694;NO FEEDING;eri_rub;15
SABMAR;M694;NO FEEDING;eri_rub;15
SABMAR;M956;NO FEEDING;eri_rub;15
SABCOL;C055;NO FEEDING;syl_mel;15
SABCOL;C086;FEEDING;cer_ela;15
SABCOL;C126;NO FEEDING;eri_rub;15
SABOJI;O384;FEEDING;lan_mer;15
SABOJI;O488;NO FEEDING;tur_phi;15
SABOJI;O488;FEEDING;tur_phi;15
SABOJI;O488;NO FEEDING;eri_rub;15
SABOJI;O766;FEEDING;tur_phi;15
SABMAR;M139;NO FEEDING;ale_ruf;15
SABCOL;C075;NO FEEDING;tur_phi;15
SABOJI;O304;NO FEEDING;tur_phi;15
SABCOL;C126;NO FEEDING;tur_phi;15
SABOJI;O054;NO FEEDING;ory_cun;15
SABCOL;C055;NO FEEDING;syl_mel;15
SABOJI;O148;NO FEEDING;ory_cun;15
SABOJI;O488;NO FEEDING;tur_ili;15
SABOJI;O488;NO FEEDING;tur_mer;15
SABMAR;M139;FEEDING;ory_cun;15
SABCOL;C056;NO FEEDING;eri_rub;16
SABCOL;C121;NO FEEDING;eri_rub;16
SABOJI;O580;NO FEEDING;eri_rub;16
SABCOL;C056;FEEDING;vul_vul;16
SABMAR;M087;FEEDING;mel_mel;16
SABMAR;M849;FEEDING;ory_cun;16
SABCOL;C121;FEEDING;mel_mel;16
SABCOL;C162;NO FEEDING;eri_rub;16
SABOJI;O488;FEEDING;ory_cun;16
SABOJI;O105;NO FEEDING;tur_phi;16
SABOJI;O105;FEEDING;chl_chl;16
SABOJI;O105;FEEDING;tur_phi;16
SABOJI;O582;FEEDING;tur_mer;16
SABOJI;O268;NO FEEDING;ory_cun;16
SABOJI;O352;NO FEEDING;tur_mer;16
SABOJI;O642;FEEDING;eri_rub;16
SABOJI;O642;FEEDING;tur_phi;16
SABOJI;O488;NO FEEDING;tur_phi;16
SABCOL;C285;FEEDING;chl_chl;16
SABMAR;M531;NO FEEDING;eri_rub;16
SABMAR;M843;FEEDING;tur_phi;16
SABOJI;O006;NO FEEDING;eri_rub;16
SABOJI;O006;NO FEEDING;chl_chl;16
SABOJI;O105;FEEDING;eri_rub;16
SABOJI;O582;FEEDING;tur_phi;16
SABOJI;O352;FEEDING;tur_mer;16
SABOJI;O642;NO FEEDING;tur_phi;16
SABOJI;O621;FEEDING;eri_rub;16
SABCOL;C050;NO FEEDING;eri_rub;16
SABCOL;C050;FEEDING;chl_chl;16
SABCOL;C050;FEEDING;chl_chl;16
SABMAR;M518;NO FEEDING;eri_rub;16
SABMAR;M531;NO FEEDING;eri_rub;16
SABOJI;O006;FEEDING;eri_rub;16
SABOJI;O006;FEEDING;eri_rub;16
SABOJI;O006;FEEDING;tur_phi;16
SABOJI;O006;FEEDING;tur_phi;16
SABOJI;O105;FEEDING;her_icn;16
SABOJI;O105;NO FEEDING;eri_rub;16
SABOJI;O105;NO FEEDING;tur_phi;16
SABOJI;O105;NO FEEDING;eri_rub;16
SABOJI;O621;FEEDING;eri_rub;16
SABOJI;O621;FEEDING;eri_rub;16
SABOJI;O621;FEEDING;tur_phi;16
SABOJI;O621;FEEDING;tur_phi;16
SABCOL;C057;FEEDING;cer_ela;16
SABCOL;C285;NO FEEDING;eri_rub;16
SABCOL;C285;NO FEEDING;eri_rub;16
SABMAR;M843;NO FEEDING;tur_phi;16
SABMAR;M843;FEEDING;chl_chl;16
SABOJI;O006;FEEDING;tur_phi;16
SABOJI;O105;NO FEEDING;tur_phi;16
SABOJI;O105;NO FEEDING;tur_phi;16
SABOJI;O582;NO FEEDING;tur_phi;16
SABOJI;O582;NO FEEDING;tur_mer;16
SABOJI;O621;FEEDING;tur_phi;16
SABCOL;C050;NO FEEDING;syl_und;16
SABCOL;C050;NO FEEDING;eri_rub;16
SABOJI;O006;FEEDING;tur_mer;16
SABOJI;O105;FEEDING;tur_mer;16
SABOJI;O105;FEEDING;tur_phi;16
SABOJI;O105;NO FEEDING;tur_mer;16
SABOJI;O105;NO FEEDING;tur_phi;16
SABOJI;O268;FEEDING;eri_rub;16
SABOJI;O268;NO FEEDING;syl_mel;16
SABOJI;O268;FEEDING;tur_mer;16
SABOJI;O621;FEEDING;tur_mer;16
SABMAR;M843;FEEDING;tur_phi;16
SABOJI;O123;FEEDING;ory_cun;16
SABOJI;O231;FEEDING;ory_cun;16
SABMAR;M648;NO FEEDING;tur_phi;16
SABOJI;O123;FEEDING;ory_cun;16
SABOJI;O241;FEEDING;ory_cun;16
SABOJI;O334;NO FEEDING;tur_phi;16
SABMAR;M315;NO FEEDING;tur_phi;16
SABOJI;O231;FEEDING;tur_phi;16
SABCOL;C193;NO FEEDING;tur_mer;16
SABMAR;M144;NO FEEDING;tur_phi;16
SABOJI;O839;NO FEEDING;tur_phi;17
SABMAR;M139;NO FEEDING;tur_tor;17
SABMAR;M304;FEEDING;ory_cun;17
SABMAR;M826;NO FEEDING;tur_phi;17
SABOJI;O488;NO FEEDING;tur_phi;17
SABOJI;O839;NO FEEDING;tur_phi;17
SABOJI;O839;FEEDING;tur_phi;17
SABOJI;O514;FEEDING;ory_cun;17
SABCOL;C056;FEEDING;tur_phi;17
SABCOL;C153;FEEDING;tur_phi;17
SABMAR;M136;FEEDING;ory_cun;17
SABOJI;O023;FEEDING;tur_phi;17
SABOJI;O463;NO FEEDING;tur_phi;17
SABOJI;O621;NO FEEDING;tur_phi;17
SABCOL;C056;NO FEEDING;eri_rub;17
SABCOL;C083;FEEDING;syl_und;17
SABCOL;C083;NO FEEDING;syl_und;17
SABCOL;C153;FEEDING;tur_mer;17
SABCOL;C153;FEEDING;chl_chl;17
SABCOL;C153;NO FEEDING;syl_mel;17
SABCOL;C153;NO FEEDING;tur_phi;17
SABCOL;C153;FEEDING;tur_phi;17
SABMAR;M136;FEEDING;chl_chl;17
SABMAR;M702;NO FEEDING;eri_rub;17
SABOJI;O023;NO FEEDING;eri_rub;17
SABOJI;O023;NO FEEDING;eri_rub;17
SABOJI;O023;NO FEEDING;eri_rub;17
SABOJI;O023;NO FEEDING;eri_rub;17
SABOJI;O463;NO FEEDING;tur_phi;17
SABOJI;O463;NO FEEDING;syl_mel;17
SABOJI;O463;NO FEEDING;syl_mel;17
SABCOL;C083;FEEDING;syl_mel;17
SABOJI;O463;NO FEEDING;tur_phi;17
SABOJI;O463;FEEDING;tur_phi;17
SABOJI;O514;NO FEEDING;eri_rub;17
SABOJI;O514;FEEDING;tur_phi;17
SABOJI;O621;NO FEEDING;tur_phi;17
SABCOL;C056;NO FEEDING;tur_phi;17
SABMAR;M136;FEEDING;ory_cun;17
SABMAR;M820;NO FEEDING;tur_mer;17
SABOJI;O023;FEEDING;tur_phi;17
SABOJI;O023;NO FEEDING;tur_phi;17
SABOJI;O023;NO FEEDING;eri_rub;17
SABOJI;O023;NO FEEDING;tur_phi;17
SABOJI;O023;FEEDING;ory_cun;17
SABOJI;O023;NO FEEDING;eri_rub;17
SABOJI;O072;FEEDING;tur_mer;17
SABOJI;O463;NO FEEDING;eri_rub;17
SABCOL;C056;FEEDING;tur_phi;17
SABOJI;O514;NO FEEDING;tur_phi;17
SABCOL;C056;FEEDING;tur_mer;17
SABOJI;O463;FEEDING;ory_cun;17
SABOJI;O463;FEEDING;ory_cun;17
SABOJI;O514;NO FEEDING;tur_phi;17
SABCOL;C056;NO FEEDING;tur_phi;17
SABOJI;O514;NO FEEDING;tur_phi;17
SABOJI;O621;NO FEEDING;eri_rub;17
SABCOL;C172;NO FEEDING;eri_rub;17
SABCOL;C106;FEEDING;vul_vul;17
SABMAR;M702;FEEDING;tur_phi;17
SABMAR;M702;FEEDING;eri_rub;17
SABOJI;O023;NO FEEDING;tur_phi;17
SABCOL;C150;NO FEEDING;tur_phi;17
SABCOL;C165;FEEDING;tur_mer;17
SABMAR;M749;FEEDING;vul_vul;17
SABMAR;M849;FEEDING;ory_cun;17
SABMAR;M849;NO FEEDING;eri_rub;17
SABMAR;M702;NO FEEDING;eri_rub;17
SABCOL;C172;FEEDING;chl_chl;17
SABMAR;M087;NO FEEDING;eri_rub;17
SABOJI;O488;NO FEEDING;eri_rub;17
SABOJI;O488;NO FEEDING;eri_rub;17
SABOJI;O580;NO FEEDING;tur_phi;17
SABOJI;O580;NO FEEDING;eri_rub;17
SABCOL;C056;FEEDING;chl_chl;17
SABCOL;C056;FEEDING;chl_chl;17
SABCOL;C056;FEEDING;chl_chl;17
SABCOL;C056;FEEDING;chl_chl;17
SABCOL;C121;NO FEEDING;eri_rub;17
SABCOL;C150;FEEDING;tur_phi;17
SABCOL;C165;FEEDING;tur_mer;17
SABCOL;C165;NO FEEDING;tur_phi;17
SABCOL;C165;NO FEEDING;tur_mer;17
SABMAR;M749;NO FEEDING;eri_rub;17
SABMAR;M849;FEEDING;ory_cun;17
SABCOL;C285;FEEDING;chl_chl;18
SABCOL;C285;FEEDING;chl_chl;18
SABCOL;C285;FEEDING;chl_chl;18
SABCOL;C285;FEEDING;chl_chl;18
SABMAR;M843;NO FEEDING;tur_phi;18
SABMAR;M843;FEEDING;eri_rub;18
SABMAR;M843;FEEDING;tur_phi;18
SABMAR;M986;NO FEEDING;tur_phi;18
SABOJI;O006;FEEDING;tur_phi;18
SABOJI;O268;NO FEEDING;tur_phi;18
SABOJI;O582;FEEDING;tur_phi;18
SABOJI;O642;NO FEEDING;tur_phi;18
SABOJI;O642;NO FEEDING;tur_mer;18
SABOJI;O642;FEEDING;tur_phi;18
SABOJI;O642;NO FEEDING;tur_phi;18
SABCOL;C050;FEEDING;vul_vul;18
SABMAR;M843;FEEDING;ory_cun;18
SABMAR;M986;NO FEEDING;eri_rub;18
SABMAR;M986;NO FEEDING;tur_phi;18
SABOJI;O006;NO FEEDING;tur_phi;18
SABOJI;O006;NO FEEDING;tur_phi;18
SABOJI;O268;NO FEEDING;tur_phi;18
SABOJI;O268;FEEDING;tur_phi;18
SABOJI;O268;FEEDING;syl_mel;18
SABOJI;O268;NO FEEDING;tur_phi;18
SABOJI;O268;NO FEEDING;tur_mer;18
SABOJI;O553;FEEDING;tur_phi;18
SABOJI;O582;FEEDING;tur_phi;18
SABCOL;C174;NO FEEDING;tur_phi;18
SABCOL;C174;FEEDING;tur_phi;18
SABCOL;C285;FEEDING;chl_chl;18
SABCOL;C285;FEEDING;chl_chl;18
SABCOL;C285;FEEDING;tur_phi;18
SABCOL;C285;FEEDING;tur_phi;18
SABCOL;C174;FEEDING;chl_chl;18
SABCOL;C174;NO FEEDING;tur_phi;18
SABCOL;C285;NO FEEDING;eri_rub;18
SABMAR;M065;NO FEEDING;eri_rub;18
SABOJI;O006;NO FEEDING;tur_phi;18
SABOJI;O268;NO FEEDING;tur_phi;18
SABOJI;O642;NO FEEDING;tur_mer;18
SABCOL;C316;NO FEEDING;syl_mel;18
SABOJI;O582;NO FEEDING;tur_phi;18
SABOJI;O642;NO FEEDING;syl_mel;18
SABOJI;O642;NO FEEDING;tur_mer;18
SABCOL;C121;NO FEEDING;tur_phi;18
SABMAR;M843;FEEDING;chl_chl;18
SABMAR;M843;FEEDING;chl_chl;18
SABMAR;M843;FEEDING;chl_chl;18
SABMAR;M843;FEEDING;chl_chl;18
SABOJI;O006;FEEDING;tur_phi;18
SABOJI;O006;FEEDING;tur_phi;18
SABOJI;O006;FEEDING;chl_chl;18
SABOJI;O006;FEEDING;tur_phi;18
SABOJI;O006;FEEDING;chl_chl;18
SABOJI;O268;NO FEEDING;tur_phi;18
SABOJI;O268;NO FEEDING;tur_phi;18
SABOJI;O582;NO FEEDING;tur_mer;18
SABOJI;O582;NO FEEDING;tur_phi;18
SABCOL;C065;FEEDING;vul_vul;18
SABMAR;M144;FEEDING;ory_cun;18
SABMAR;M648;NO FEEDING;tur_mer;18
SABMAR;M849;FEEDING;ory_cun;18
SABMAR;M849;NO FEEDING;tur_phi;18
SABMAR;M849;FEEDING;tur_phi;18
SABCOL;C150;FEEDING;chl_chl;18
SABCOL;C150;NO FEEDING;tur_phi;18
SABCOL;C150;FEEDING;chl_chl;18
SABCOL;C193;FEEDING;chl_chl;18
SABCOL;C193;FEEDING;chl_chl;18
SABCOL;C193;FEEDING;chl_chl;18
SABCOL;C193;FEEDING;chl_chl;18
SABMAR;M144;FEEDING;ory_cun;18
SABOJI;O241;NO FEEDING;eri_rub;18
SABOJI;O241;NO FEEDING;tur_mer;18
SABOJI;O241;FEEDING;eri_rub;18
SABOJI;O241;FEEDING;tur_mer;18
SABOJI;O241;NO FEEDING;tur_mer;18
SABCOL;C150;FEEDING;chl_chl;18
SABMAR;M849;NO FEEDING;tur_phi;18
SABOJI;O231;NO FEEDING;eri_rub;18
SABOJI;O241;FEEDING;tur_phi;18
SABOJI;O241;FEEDING;tur_mer;18
SABCOL;C014;NO FEEDING;syl_mel;18
SABCOL;C140;NO FEEDING;chl_chl;18
SABCOL;C150;FEEDING;eri_rub;18
SABMAR;M144;FEEDING;ory_cun;18
SABMAR;M581;NO FEEDING;eri_rub;18
SABMAR;M581;FEEDING;tur_phi;18
SABMAR;M849;NO FEEDING;eri_rub;18
SABMAR;M849;FEEDING;chl_chl;18
SABOJI;O231;NO FEEDING;tur_phi;18
SABOJI;O241;NO FEEDING;chl_chl;18
SABOJI;O241;NO FEEDING;chl_chl;18
SABOJI;O241;FEEDING;tur_phi;18
SABOJI;O241;FEEDING;tur_mer;18
SABOJI;O241;FEEDING;tur_phi;18
SABOJI;O580;FEEDING;her_icn;18
SABOJI;O580;FEEDING;eri_rub;18
SABCOL;C014;NO FEEDING;syl_mel;18
SABCOL;C150;FEEDING;chl_chl;18
SABOJI;O241;FEEDING;tur_phi;18
SABOJI;O241;FEEDING;tur_phi;18
SABOJI;O241;FEEDING;tur_mer;18
SABOJI;O241;FEEDING;ory_cun;18
SABMAR;M826;NO FEEDING;tur_phi;18
SABMAR;M826;NO FEEDING;eri_rub;18
SABCOL;C014;FEEDING;syl_mel;18
SABMAR;M849;NO FEEDING;tur_phi;18
SABOJI;O231;NO FEEDING;eri_rub;18
SABOJI;O241;NO FEEDING;eri_rub;18
SABCOL;C107;FEEDING;gen_gen;18
SABMAR;M826;NO FEEDING;tur_phi;18
SABMAR;M956;FEEDING;ory_cun;18
SABOJI;O488;FEEDING;tur_phi;18
SABOJI;O488;FEEDING;tur_phi;18
SABOJI;O488;NO FEEDING;eri_rub;18
SABOJI;O839;NO FEEDING;eri_rub;18
SABMAR;M029;FEEDING;cer_ela;18
SABMAR;M956;FEEDING;ory_cun;18
SABOJI;O384;FEEDING;her_icn;18
SABCOL;C018;FEEDING;cer_ela;19
SABCOL;C056;FEEDING;chl_chl;19
SABCOL;C153;FEEDING;tur_phi;19
SABCOL;C153;NO FEEDING;tur_phi;19
SABCOL;C153;NO FEEDING;tur_phi;19
SABCOL;C168;FEEDING;vul_vul;19
SABCOL;C168;FEEDING;vul_vul;19
SABMAR;M460;NO FEEDING;eri_rub;19
SABOJI;O023;NO FEEDING;tur_phi;19
SABOJI;O621;FEEDING;tur_phi;19
SABCOL;C153;FEEDING;tur_phi;19
SABCOL;C153;FEEDING;chl_chl;19
SABCOL;C153;FEEDING;tur_mer;19
SABCOL;C153;FEEDING;chl_chl;19
SABCOL;C153;FEEDING;chl_chl;19
SABCOL;C153;FEEDING;tur_phi;19
SABCOL;C153;FEEDING;syl_mel;19
SABCOL;C153;FEEDING;chl_chl;19
SABCOL;C153;FEEDING;tur_phi;19
SABCOL;C153;FEEDING;chl_chl;19
SABCOL;C153;FEEDING;chl_chl;19
SABCOL;C153;FEEDING;chl_chl;19
SABCOL;C153;FEEDING;chl_chl;19
SABCOL;C153;FEEDING;chl_chl;19
SABCOL;C153;FEEDING;tur_phi;19
SABCOL;C153;NO FEEDING;chl_chl;19
SABCOL;C153;FEEDING;tur_phi;19
SABCOL;C153;FEEDING;tur_phi;19
SABCOL;C153;NO FEEDING;tur_phi;19
SABCOL;C153;NO FEEDING;tur_phi;19
SABCOL;C153;FEEDING;chl_chl;19
SABCOL;C153;FEEDING;chl_chl;19
SABCOL;C153;NO FEEDING;tur_phi;19
SABMAR;M820;FEEDING;eri_rub;19
SABMAR;M820;FEEDING;ory_cun;19
SABOJI;O023;NO FEEDING;tur_phi;19
SABOJI;O023;FEEDING;chl_chl;19
SABOJI;O023;FEEDING;eri_rub;19
SABOJI;O023;NO FEEDING;tur_phi;19
SABOJI;O621;FEEDING;tur_phi;19
SABOJI;O621;NO FEEDING;tur_phi;19
SABCOL;C153;NO FEEDING;tur_phi;19
SABCOL;C153;FEEDING;chl_chl;19
SABCOL;C153;FEEDING;chl_chl;19
SABCOL;C153;NO FEEDING;tur_mer;19
SABCOL;C153;NO FEEDING;tur_phi;19
SABCOL;C153;FEEDING;tur_mer;19
SABCOL;C153;NO FEEDING;tur_phi;19
SABCOL;C153;NO FEEDING;tur_phi;19
SABOJI;O023;FEEDING;tur_phi;19
SABOJI;O023;NO FEEDING;eri_rub;19
SABCOL;C083;NO FEEDING;ale_ruf;19
SABCOL;C153;FEEDING;chl_chl;19
SABCOL;C153;FEEDING;tur_phi;19
SABCOL;C153;FEEDING;tur_phi;19
SABCOL;C153;FEEDING;chl_chl;19
SABCOL;C153;FEEDING;chl_chl;19
SABCOL;C153;FEEDING;chl_chl;19
SABCOL;C168;FEEDING;vul_vul;19
SABMAR;M820;NO FEEDING;tur_phi;19
SABOJI;O463;NO FEEDING;tur_phi;19
SABCOL;C018;FEEDING;vul_vul;19
SABCOL;C056;FEEDING;vul_vul;19
SABCOL;C056;FEEDING;eri_rub;19
SABCOL;C056;FEEDING;chl_chl;19
SABCOL;C056;FEEDING;chl_chl;19
SABCOL;C056;FEEDING;chl_chl;19
SABCOL;C056;NO FEEDING;chl_chl;19
SABCOL;C056;FEEDING;vul_vul;19
SABCOL;C153;NO FEEDING;tur_phi;19
SABCOL;C153;FEEDING;chl_chl;19
SABCOL;C153;FEEDING;chl_chl;19
SABCOL;C153;FEEDING;chl_chl;19
SABCOL;C153;NO FEEDING;tur_phi;19
SABCOL;C153;FEEDING;chl_chl;19
SABCOL;C153;NO FEEDING;tur_mer;19
SABCOL;C153;NO FEEDING;tur_phi;19
SABCOL;C153;FEEDING;chl_chl;19
SABCOL;C153;FEEDING;tur_phi;19
SABCOL;C153;FEEDING;chl_chl;19
SABCOL;C153;NO FEEDING;tur_phi;19
SABCOL;C153;NO FEEDING;tur_phi;19
SABMAR;M664;NO FEEDING;tur_mer;19
SABMAR;M664;NO FEEDING;eri_rub;19
SABMAR;M664;NO FEEDING;eri_rub;19
SABMAR;M820;NO FEEDING;eri_rub;19
SABOJI;O023;FEEDING;tur_phi;19
SABOJI;O023;NO FEEDING;syl_mel;19
SABOJI;O314;NO FEEDING;ory_cun;19
SABOJI;O463;NO FEEDING;tur_mer;19
SABOJI;O463;NO FEEDING;eri_rub;19
SABOJI;O463;NO FEEDING;tur_phi;19
SABOJI;O514;NO FEEDING;eri_rub;19
SABCOL;C056;FEEDING;chl_chl;19
SABCOL;C153;FEEDING;tur_phi;19
SABCOL;C153;NO FEEDING;tur_phi;19
SABCOL;C168;FEEDING;vul_vul;19
SABMAR;M207;NO FEEDING;tur_phi;19
SABMAR;M820;FEEDING;tur_phi;19
SABMAR;M820;FEEDING;eri_rub;19
SABMAR;M820;NO FEEDING;tur_phi;19
SABMAR;M820;NO FEEDING;eri_rub;19
SABOJI;O023;NO FEEDING;chl_chl;19
SABOJI;O023;FEEDING;eri_rub;19
SABOJI;O023;FEEDING;tur_mer;19
SABCOL;C056;FEEDING;tur_phi;19
SABCOL;C056;NO FEEDING;chl_chl;19
SABCOL;C056;NO FEEDING;eri_rub;19
SABCOL;C056;FEEDING;chl_chl;19
SABCOL;C056;FEEDING;chl_chl;19
SABCOL;C056;FEEDING;chl_chl;19
SABCOL;C153;NO FEEDING;tur_phi;19
SABCOL;C153;NO FEEDING;chl_chl;19
SABCOL;C153;NO FEEDING;syl_mel;19
SABCOL;C153;NO FEEDING;tur_phi;19
SABMAR;M820;NO FEEDING;tur_phi;19
SABOJI;O023;FEEDING;tur_phi;19
SABOJI;O023;FEEDING;tur_phi;19
SABOJI;O023;FEEDING;syl_mel;19
SABOJI;O463;FEEDING;tur_phi;19
SABOJI;O463;FEEDING;tur_mer;19
SABCOL;C056;FEEDING;chl_chl;19
SABCOL;C056;NO FEEDING;chl_chl;19
SABCOL;C056;FEEDING;chl_chl;19
SABCOL;C056;FEEDING;eri_rub;19
SABCOL;C153;NO FEEDING;tur_phi;19
SABCOL;C153;NO FEEDING;tur_phi;19
SABCOL;C153;FEEDING;tur_phi;19
SABMAR;M664;NO FEEDING;eri_rub;19
SABOJI;O023;NO FEEDING;tur_mer;19
SABOJI;O023;NO FEEDING;tur_phi;19
SABOJI;O023;NO FEEDING;tur_phi;19
SABOJI;O023;NO FEEDING;tur_mer;19
SABCOL;C153;NO FEEDING;tur_phi;19
SABOJI;O023;FEEDING;tur_phi;19
SABCOL;C150;FEEDING;tur_phi;19
SABCOL;C150;FEEDING;chl_chl;19
SABMAR;M541;FEEDING;tur_tor;19
SABCOL;C150;FEEDING;tur_tor;19
SABCOL;C150;FEEDING;chl_chl;19
SABCOL;C150;FEEDING;tur_phi;19
SABOJI;O488;NO FEEDING;tur_phi;19
SABOJI;O488;NO FEEDING;tur_phi;19
SABOJI;O488;NO FEEDING;tur_phi;19
SABOJI;O488;FEEDING;tur_phi;19
SABOJI;O580;NO FEEDING;tur_mer;19
SABOJI;O839;FEEDING;tur_mer;19
SABCOL;C056;FEEDING;tur_phi;19
SABCOL;C056;FEEDING;tur_mer;19
SABOJI;O105;NO FEEDING;ory_cun;19
SABOJI;O580;FEEDING;tur_mer;19
SABCOL;C056;FEEDING;vul_vul;19
SABCOL;C056;NO FEEDING;tur_phi;19
SABOJI;O580;NO FEEDING;tur_phi;19
SABOJI;O580;NO FEEDING;tur_phi;19
SABOJI;O580;FEEDING;tur_phi;19
SABCOL;C056;FEEDING;eri_rub;19
SABCOL;C056;FEEDING;chl_chl;19
SABCOL;C150;FEEDING;tur_phi;19
SABCOL;C150;FEEDING;tur_phi;19
SABCOL;C172;FEEDING;tur_phi;19
SABOJI;O488;NO FEEDING;eri_rub;19
SABOJI;O488;NO FEEDING;tur_phi;19
SABOJI;O488;FEEDING;tur_phi;19
SABOJI;O580;NO FEEDING;tur_phi;19
SABOJI;O580;NO FEEDING;tur_phi;19
SABOJI;O580;FEEDING;tur_mer;19
SABOJI;O580;NO FEEDING;tur_phi;19
SABOJI;O580;FEEDING;tur_mer;19
SABOJI;O839;NO FEEDING;tur_phi;19
SABOJI;O839;NO FEEDING;tur_mer;19
SABOJI;O839;FEEDING;eri_rub;19
SABCOL;C056;NO FEEDING;eri_rub;19
SABCOL;C056;NO FEEDING;tur_phi;19
SABCOL;C056;NO FEEDING;tur_mer;19
SABCOL;C056;FEEDING;chl_chl;19
SABCOL;C056;NO FEEDING;chl_chl;19
SABCOL;C056;NO FEEDING;chl_chl;19
SABCOL;C056;NO FEEDING;syl_mel;19
SABCOL;C150;FEEDING;tur_phi;19
SABCOL;C150;NO FEEDING;syl_mel;19
SABCOL;C150;FEEDING;chl_chl;19
SABCOL;C172;FEEDING;tur_phi;19
SABMAR;M087;FEEDING;ory_cun;19
SABMAR;M847;NO FEEDING;tur_phi;19
SABOJI;O105;NO FEEDING;tur_phi;19
SABOJI;O488;NO FEEDING;tur_phi;19
SABOJI;O488;NO FEEDING;tur_phi;19
SABOJI;O580;NO FEEDING;tur_mer;19
SABOJI;O580;NO FEEDING;eri_rub;19
SABOJI;O839;NO FEEDING;tur_phi;19
SABOJI;O839;NO FEEDING;tur_mer;19
SABOJI;O839;NO FEEDING;tur_mer;19
SABOJI;O839;NO FEEDING;tur_mer;19
SABOJI;O839;FEEDING;tur_mer;19
SABOJI;O839;FEEDING;tur_phi;19
SABCOL;C174;NO FEEDING;tur_phi;19
SABOJI;O839;FEEDING;eri_rub;19
SABOJI;O839;FEEDING;tur_mer;19
SABOJI;O839;NO FEEDING;eri_rub;19
SABCOL;C285;NO FEEDING;tur_phi;19
SABMAR;M518;NO FEEDING;tur_phi;19
SABOJI;O006;NO FEEDING;tur_phi;19
SABOJI;O642;NO FEEDING;tur_mer;19
SABOJI;O268;NO FEEDING;ory_cun;20
SABMAR;M087;NO FEEDING;syl_mel;20
SABMAR;M826;NO FEEDING;tur_phi;20
SABCOL;C017;NO FEEDING;chl_chl;20
SABCOL;C055;FEEDING;ory_cun;20
SABMAR;M826;NO FEEDING;eri_rub;20
SABMAR;M826;FEEDING;tur_phi;20
SABMAR;M826;NO FEEDING;eri_rub;20
SABCOL;C086;FEEDING;vul_vul;20
SABCOL;C107;FEEDING;cer_ela;20
SABMAR;M826;FEEDING;chl_chl;20
SABOJI;O304;FEEDING;ory_cun;20
SABCOL;C176;NO FEEDING;chl_chl;20
SABOJI;O304;FEEDING;ory_cun;20
SABMAR;M826;FEEDING;tur_phi;20
SABMAR;M826;NO FEEDING;eri_rub;20
SABMAR;M826;NO FEEDING;eri_rub;20
SABCOL;C107;FEEDING;vul_vul;20
SABMAR;M826;FEEDING;tur_phi;20
SABCOL;C017;FEEDING;chl_chl;20
SABCOL;C017;FEEDING;chl_chl;20
SABCOL;C017;FEEDING;chl_chl;20
SABMAR;M826;NO FEEDING;tur_phi;20
SABMAR;M826;NO FEEDING;tur_phi;20
SABCOL;C153;FEEDING;tur_phi;20
SABCOL;C153;NO FEEDING;chl_chl;20
SABCOL;C153;NO FEEDING;tur_phi;20
SABCOL;C168;FEEDING;cer_ela;20
SABMAR;M820;NO FEEDING;eri_rub;20
SABOJI;O023;FEEDING;tur_phi;20
SABOJI;O621;NO FEEDING;tur_phi;20
SABOJI;O621;FEEDING;tur_mer;20
SABCOL;C056;FEEDING;chl_chl;20
SABCOL;C153;FEEDING;vul_vul;20
SABMAR;M460;NO FEEDING;eri_rub;20
SABMAR;M820;NO FEEDING;eri_rub;20
SABMAR;M820;NO FEEDING;tur_phi;20
SABOJI;O023;NO FEEDING;tur_phi;20
SABOJI;O463;NO FEEDING;tur_phi;20
SABOJI;O626;FEEDING;tur_phi;20
SABCOL;C131;NO FEEDING;tur_phi;20
SABCOL;C153;NO FEEDING;tur_phi;20
SABCOL;C153;FEEDING;chl_chl;20
SABCOL;C153;NO FEEDING;tur_phi;20
SABCOL;C153;NO FEEDING;syl_und;20
SABCOL;C153;FEEDING;vul_vul;20
SABCOL;C153;NO FEEDING;tur_phi;20
SABCOL;C153;NO FEEDING;tur_phi;20
SABMAR;M460;NO FEEDING;tur_phi;20
SABMAR;M820;FEEDING;tur_phi;20
SABOJI;O023;NO FEEDING;tur_phi;20
SABOJI;O023;NO FEEDING;tur_phi;20
SABOJI;O023;NO FEEDING;eri_rub;20
SABOJI;O463;NO FEEDING;ory_cun;20
SABCOL;C106;NO FEEDING;syl_mel;20
SABCOL;C153;FEEDING;tur_phi;20
SABCOL;C153;FEEDING;tur_phi;20
SABCOL;C153;FEEDING;tur_phi;20
SABCOL;C153;NO FEEDING;tur_phi;20
SABCOL;C153;FEEDING;chl_chl;20
SABCOL;C168;FEEDING;vul_vul;20
SABMAR;M664;FEEDING;tur_phi;20
SABOJI;O023;FEEDING;tur_phi;20
SABOJI;O023;NO FEEDING;tur_phi;20
SABOJI;O023;NO FEEDING;eri_rub;20
SABOJI;O621;NO FEEDING;tur_phi;20
SABCOL;C285;NO FEEDING;tur_phi;21
SABCOL;C285;FEEDING;chl_chl;21
SABOJI;O006;NO FEEDING;eri_rub;21
SABOJI;O006;NO FEEDING;tur_phi;21
SABOJI;O582;FEEDING;her_icn;21
SABMAR;M843;FEEDING;tur_phi;21
SABMAR;M843;FEEDING;ory_cun;21
SABCOL;C050;NO FEEDING;chl_chl;21
SABOJI;O268;NO FEEDING;syl_mel;21
SABOJI;O582;FEEDING;ory_cun;21
SABMAR;M843;FEEDING;tur_phi;21
SABMAR;M843;NO FEEDING;chl_chl;21
SABMAR;M843;FEEDING;tur_phi;21
SABMAR;M843;NO FEEDING;tur_phi;21
SABMAR;M843;FEEDING;chl_chl;21
SABMAR;M843;FEEDING;chl_chl;21
SABMAR;M843;FEEDING;ory_cun;21
SABCOL;C285;NO FEEDING;tur_phi;21
SABMAR;M843;FEEDING;chl_chl;21
SABMAR;M843;FEEDING;chl_chl;21
SABCOL;C057;NO FEEDING;tur_phi;21
SABCOL;C285;NO FEEDING;tur_phi;21
SABCOL;C285;NO FEEDING;tur_phi;21
SABCOL;C285;NO FEEDING;tur_phi;21
SABOJI;O582;NO FEEDING;tur_phi;21
SABOJI;O582;NO FEEDING;tur_phi;21
SABOJI;O582;FEEDING;tur_phi;21
SABMAR;M843;FEEDING;chl_chl;21
SABMAR;M843;FEEDING;chl_chl;21
SABMAR;M843;FEEDING;tur_phi;21
SABOJI;O136;FEEDING;cer_ela;21
SABOJI;O136;FEEDING;cer_ela;21
SABOJI;O582;FEEDING;tur_phi;21
SABOJI;O582;FEEDING;tur_phi;21
SABOJI;O582;NO FEEDING;tur_phi;21
SABMAR;M843;FEEDING;tur_phi;21
SABMAR;M843;NO FEEDING;tur_phi;21
SABMAR;M843;FEEDING;ory_cun;21
SABCOL;C150;FEEDING;chl_chl;21
SABCOL;C150;FEEDING;chl_chl;21
SABCOL;C150;FEEDING;chl_chl;21
SABCOL;C150;FEEDING;chl_chl;21
SABCOL;C150;FEEDING;chl_chl;21
SABCOL;C150;FEEDING;chl_chl;21
SABCOL;C150;FEEDING;chl_chl;21
SABCOL;C150;FEEDING;eri_rub;21
SABCOL;C150;FEEDING;chl_chl;21
SABCOL;C150;NO FEEDING;chl_chl;21
SABCOL;C150;NO FEEDING;eri_rub;21
SABOJI;O582;FEEDING;tur_phi;21
SABOJI;O582;NO FEEDING;tur_phi;21
SABOJI;O582;NO FEEDING;tur_phi;21
SABCOL;C140;NO FEEDING;tur_phi;21
SABCOL;C140;NO FEEDING;eri_rub;21
SABCOL;C140;NO FEEDING;tur_phi;21
SABCOL;C140;NO FEEDING;tur_phi;21
SABCOL;C140;FEEDING;tur_mer;21
SABCOL;C140;FEEDING;tur_phi;21
SABOJI;O582;NO FEEDING;tur_phi;21
SABOJI;O582;NO FEEDING;tur_phi;21
SABOJI;O582;FEEDING;eri_rub;21
SABCOL;C014;NO FEEDING;tur_phi;21
SABCOL;C014;NO FEEDING;chl_chl;21
SABCOL;C140;NO FEEDING;tur_mer;21
SABCOL;C140;FEEDING;tur_mer;21
SABCOL;C140;NO FEEDING;tur_phi;21
SABCOL;C140;NO FEEDING;tur_phi;21
SABCOL;C140;NO FEEDING;tur_phi;21
SABCOL;C140;NO FEEDING;tur_phi;21
SABCOL;C140;FEEDING;tur_phi;21
SABOJI;O006;NO FEEDING;chl_chl;21
SABOJI;O582;FEEDING;tur_phi;21
SABOJI;O582;FEEDING;tur_phi;21
SABCOL;C140;NO FEEDING;tur_phi;21
SABCOL;C140;FEEDING;tur_phi;21
SABCOL;C140;NO FEEDING;eri_rub;21
SABCOL;C140;NO FEEDING;tur_phi;21
SABCOL;C140;NO FEEDING;tur_phi;21
SABCOL;C193;FEEDING;cer_ela;21
SABOJI;O006;NO FEEDING;tur_mer;21
SABMAR;M219;NO FEEDING;tur_phi;21
SABCOL;C140;NO FEEDING;chl_chl;21
SABCOL;C140;FEEDING;chl_chl;21
SABCOL;C140;NO FEEDING;tur_phi;21
SABCOL;C140;NO FEEDING;eri_rub;21
SABCOL;C140;NO FEEDING;tur_phi;21
SABCOL;C140;FEEDING;chl_chl;21
SABCOL;C140;FEEDING;chl_chl;21
SABCOL;C140;FEEDING;tur_mer;21
SABCOL;C140;NO FEEDING;tur_phi;21
SABCOL;C140;FEEDING;chl_chl;21
SABCOL;C140;FEEDING;chl_chl;21
SABOJI;O006;FEEDING;eri_rub;21
SABOJI;O006;NO FEEDING;tur_phi;21
SABOJI;O006;FEEDING;chl_chl;21
SABOJI;O268;FEEDING;ory_cun;21
SABOJI;O553;FEEDING;tur_mer;21
SABOJI;O582;FEEDING;tur_phi;21
SABMAR;M219;NO FEEDING;tur_phi;21
SABCOL;C024;FEEDING;vul_vul;21
SABMAR;M843;FEEDING;ory_cun;21
SABMAR;M843;NO FEEDING;chl_chl;21
SABMAR;M843;FEEDING;tur_phi;21
SABCOL;C140;NO FEEDING;eri_rub;21
SABCOL;C140;FEEDING;tur_mer;21
SABCOL;C140;FEEDING;chl_chl;21
SABCOL;C140;NO FEEDING;tur_mer;21
SABCOL;C140;FEEDING;chl_chl;21
SABCOL;C140;FEEDING;chl_chl;21
SABCOL;C193;FEEDING;cer_ela;21
SABOJI;O268;FEEDING;ory_cun;21
SABCOL;C024;FEEDING;vul_vul;21
SABCOL;C140;NO FEEDING;tur_phi;21
SABCOL;C140;FEEDING;tur_phi;21
SABCOL;C140;NO FEEDING;tur_phi;21
SABCOL;C140;NO FEEDING;tur_mer;21
SABCOL;C140;NO FEEDING;tur_mer;21
SABCOL;C193;FEEDING;vul_vul;21
SABOJI;O105;NO FEEDING;tur_phi;21
SABOJI;O231;NO FEEDING;syl_mel;21
SABOJI;O231;NO FEEDING;tur_phi;21
SABCOL;C140;FEEDING;chl_chl;21
SABCOL;C140;NO FEEDING;eri_rub;21
SABCOL;C140;NO FEEDING;tur_phi;21
SABCOL;C140;NO FEEDING;tur_phi;21
SABCOL;C140;NO FEEDING;tur_phi;21
SABCOL;C140;FEEDING;chl_chl;21
SABOJI;O231;NO FEEDING;tur_phi;21
SABCOL;C014;FEEDING;vul_vul;21
SABCOL;C111;FEEDING;vul_vul;21
SABOJI;O268;NO FEEDING;ory_cun;21
SABCOL;C111;FEEDING;cer_ela;21
SABCOL;C150;NO FEEDING;tur_phi;21
SABMAR;M820;NO FEEDING;tur_phi;22
SABOJI;O023;NO FEEDING;tur_phi;22
SABMAR;M820;NO FEEDING;tur_phi;22
SABOJI;O023;NO FEEDING;tur_phi;22
SABMAR;M820;NO FEEDING;tur_phi;22
SABOJI;O023;NO FEEDING;tur_phi;22
SABOJI;O463;FEEDING;vul_vul;22
SABCOL;C107;FEEDING;tur_phi;22
SABCOL;C107;FEEDING;chl_chl;22
SABCOL;C107;NO FEEDING;tur_phi;22
SABCOL;C172;FEEDING;cer_ela;22
SABMAR;M087;FEEDING;ory_cun;22
SABMAR;M749;NO FEEDING;tur_mer;22
SABMAR;M847;NO FEEDING;tur_phi;22
SABMAR;M847;FEEDING;ory_cun;22
SABOJI;O008;NO FEEDING;tur_phi;22
SABOJI;O008;FEEDING;tur_mer;22
SABCOL;C002;NO FEEDING;tur_phi;22
SABCOL;C002;NO FEEDING;tur_phi;22
SABCOL;C002;NO FEEDING;tur_phi;22
SABCOL;C065;FEEDING;tur_phi;22
SABCOL;C086;NO FEEDING;tur_phi;22
SABCOL;C107;NO FEEDING;tur_phi;22
SABMAR;M749;NO FEEDING;tur_phi;22
SABMAR;M847;FEEDING;tur_phi;22
SABOJI;O008;FEEDING;ory_cun;22
SABCOL;C002;NO FEEDING;tur_phi;22
SABMAR;M847;NO FEEDING;tur_phi;22
SABMAR;M847;NO FEEDING;tur_phi;22
SABMAR;M847;NO FEEDING;tur_phi;22
SABMAR;M847;FEEDING;tur_phi;22
SABMAR;M849;NO FEEDING;tur_phi;22
SABOJI;O008;NO FEEDING;tur_phi;22
SABMAR;M847;NO FEEDING;tur_phi;22
SABMAR;M847;FEEDING;tur_phi;22
SABMAR;M847;FEEDING;tur_phi;22
SABOJI;O008;NO FEEDING;tur_phi;22
SABOJI;O008;NO FEEDING;tur_phi;22
SABOJI;O008;NO FEEDING;tur_phi;22
SABOJI;O626;NO FEEDING;tur_phi;22
SABOJI;O626;NO FEEDING;tur_phi;22
SABMAR;M087;NO FEEDING;eri_rub;22
SABMAR;M847;NO FEEDING;tur_phi;22
SABOJI;O008;NO FEEDING;tur_phi;22
SABOJI;O008;NO FEEDING;tur_phi;22
SABOJI;O241;NO FEEDING;tur_phi;22
SABOJI;O241;NO FEEDING;tur_phi;22
SABCOL;C050;FEEDING;chl_chl;22
SABCOL;C050;FEEDING;tur_mer;22
SABMAR;M847;NO FEEDING;tur_phi;22
SABMAR;M847;NO FEEDING;eri_rub;22
SABOJI;O008;NO FEEDING;chl_chl;22
SABOJI;O008;FEEDING;chl_chl;22
SABCOL;C050;FEEDING;chl_chl;22
SABCOL;C050;FEEDING;chl_chl;22
SABCOL;C050;FEEDING;chl_chl;22
SABCOL;C050;FEEDING;chl_chl;22
SABCOL;C050;FEEDING;chl_chl;22
SABCOL;C050;FEEDING;chl_chl;22
SABCOL;C050;NO FEEDING;tur_phi;22
SABCOL;C197;FEEDING;cer_ela;22
SABOJI;O268;NO FEEDING;ory_cun;22
SABOJI;O582;NO FEEDING;tur_phi;22
SABOJI;O582;NO FEEDING;tur_phi;22
SABMAR;M843;NO FEEDING;chl_chl;22
SABMAR;M847;NO FEEDING;chl_chl;22
SABOJI;O006;NO FEEDING;eri_rub;22
SABMAR;M843;FEEDING;tur_phi;22
SABMAR;M843;FEEDING;ory_cun;22
SABCOL;C119;NO FEEDING;her_icn;22
SABOJI;O006;NO FEEDING;tur_phi;22
SABMAR;M843;FEEDING;ory_cun;22
SABMAR;M843;FEEDING;tur_phi;22
SABMAR;M843;FEEDING;tur_phi;22
SABMAR;M843;FEEDING;tur_phi;22
SABMAR;M843;FEEDING;chl_chl;22
SABCOL;C050;FEEDING;tur_phi;23
SABCOL;C050;FEEDING;tur_phi;23
SABCOL;C057;FEEDING;cer_ela;23
SABCOL;C057;NO FEEDING;tur_phi;23
SABCOL;C050;NO FEEDING;tur_phi;23
SABCOL;C050;FEEDING;tur_mer;23
SABCOL;C050;NO FEEDING;tur_mer;23
SABCOL;C050;FEEDING;cer_ela;23
SABCOL;C050;FEEDING;tur_mer;23
SABCOL;C057;FEEDING;tur_mer;23
SABCOL;C057;FEEDING;tur_phi;23
SABCOL;C050;NO FEEDING;tur_phi;23
SABCOL;C050;FEEDING;tur_mer;23
SABCOL;C050;NO FEEDING;tur_phi;23
SABCOL;C057;FEEDING;tur_phi;23
SABCOL;C057;FEEDING;chl_chl;23
SABCOL;C057;FEEDING;tur_phi;23
SABCOL;C057;FEEDING;tur_phi;23
SABOJI;O137;NO FEEDING;chl_chl;23
SABOJI;O137;FEEDING;ory_cun;23
SABOJI;O137;FEEDING;eri_rub;23
SABCOL;C050;NO FEEDING;tur_phi;23
SABCOL;C050;FEEDING;tur_phi;23
SABCOL;C050;FEEDING;tur_phi;23
SABCOL;C057;NO FEEDING;tur_phi;23
SABCOL;C057;NO FEEDING;tur_phi;23
SABCOL;C057;FEEDING;tur_phi;23
SABCOL;C050;FEEDING;tur_mer;23
SABCOL;C050;NO FEEDING;tur_phi;23
SABCOL;C057;NO FEEDING;tur_phi;23
SABOJI;O008;FEEDING;ory_cun;23
SABOJI;O136;FEEDING;ory_cun;23
SABOJI;O626;NO FEEDING;tur_phi;23
SABCOL;C050;NO FEEDING;tur_mer;23
SABCOL;C057;NO FEEDING;tur_phi;23
SABCOL;C172;FEEDING;cer_ela;23
SABMAR;M847;NO FEEDING;tur_phi;23
SABOJI;O008;NO FEEDING;par_maj;23
SABOJI;O008;NO FEEDING;ory_cun;23
SABCOL;C057;NO FEEDING;tur_phi;23
SABCOL;C057;FEEDING;vul_vul;23
SABOJI;O626;NO FEEDING;tur_phi;23
SABMAR;M847;FEEDING;tur_phi;23
SABMAR;M847;FEEDING;ory_cun;23
SABCOL;C131;NO FEEDING;tur_phi;23
SABOJI;O023;FEEDING;tur_phi;23
SABCOL;C106;NO FEEDING;tur_phi;23
SABCOL;C106;NO FEEDING;chl_chl;23
SABCOL;C131;NO FEEDING;ale_ruf;23
SABMAR;M820;FEEDING;tur_phi;23
SABMAR;M820;FEEDING;ory_cun;23
SABCOL;C165;FEEDING;tur_phi;24
SABCOL;C165;NO FEEDING;tur_mer;24
SABMAR;M956;NO FEEDING;tur_mer;24
SABOJI;O148;FEEDING;ory_cun;24
SABOJI;O148;FEEDING;ory_cun;24
SABOJI;O148;FEEDING;ory_cun;24
SABOJI;O148;FEEDING;ory_cun;24
SABOJI;O042;FEEDING;ory_cun;24
SABCOL;C055;NO FEEDING;tur_mer;24
SABCOL;C055;NO FEEDING;eri_rub;24
SABMAR;M956;NO FEEDING;tur_phi;24
SABOJI;O042;NO FEEDING;tur_phi;24
SABCOL;C055;FEEDING;tur_mer;24
SABMAR;M087;FEEDING;ory_cun;24
SABMAR;M087;FEEDING;ory_cun;24
SABMAR;M956;NO FEEDING;tur_phi;24
SABMAR;M087;FEEDING;ory_cun;24
SABMAR;M139;FEEDING;ory_cun;24
SABCOL;C050;FEEDING;tur_phi;24
SABMAR;M847;FEEDING;ory_cun;24
SABOJI;O136;NO FEEDING;ory_cun;24
SABOJI;O136;FEEDING;ory_cun;24
SABCOL;C050;NO FEEDING;tur_phi;24
SABCOL;C050;FEEDING;tur_phi;24
SABCOL;C050;FEEDING;tur_mer;24
SABOJI;O008;FEEDING;vul_vul;24
SABCOL;C050;FEEDING;tur_phi;24
SABCOL;C050;NO FEEDING;tur_phi;24
SABCOL;C050;NO FEEDING;tur_phi;24
SABOJI;O008;NO FEEDING;eri_rub;24
SABOJI;O136;FEEDING;ory_cun;24
SABCOL;C050;FEEDING;tur_phi;24
SABCOL;C050;NO FEEDING;tur_phi;24
SABCOL;C050;FEEDING;chl_chl;24
SABCOL;C050;FEEDING;tur_phi;24
SABCOL;C050;FEEDING;tur_phi;24
SABCOL;C050;NO FEEDING;tur_phi;24
SABCOL;C050;FEEDING;tur_phi;24
SABMAR;M847;NO FEEDING;tur_phi;24
SABMAR;M749;FEEDING;tur_phi;24
SABOJI;O105;FEEDING;ory_cun;24
SABCOL;C050;NO FEEDING;tur_phi;24
SABMAR;M847;FEEDING;ory_cun;24
SABMAR;M847;FEEDING;ory_cun;24
SABCOL;C050;FEEDING;tur_phi;24
SABCOL;C050;FEEDING;tur_mer;24
SABCOL;C050;FEEDING;tur_phi;24
SABMAR;M749;NO FEEDING;tur_phi;24
SABCOL;C002;NO FEEDING;eri_rub;24
SABCOL;C002;NO FEEDING;tur_phi;24
SABCOL;C050;NO FEEDING;tur_phi;24
SABCOL;C050;NO FEEDING;tur_phi;24
SABCOL;C050;NO FEEDING;tur_phi;24
SABCOL;C050;NO FEEDING;tur_phi;24
SABCOL;C050;NO FEEDING;tur_mer;24
SABCOL;C050;NO FEEDING;tur_phi;24
SABCOL;C050;FEEDING;tur_phi;24
SABCOL;C050;FEEDING;tur_phi;24
SABCOL;C050;NO FEEDING;tur_phi;24
SABOJI;O136;FEEDING;ory_cun;24
SABMAR;M847;FEEDING;ory_cun;24
SABMAR;M847;FEEDING;ory_cun;24
SABCOL;C193;FEEDING;cer_ela;25
SABOJI;O683;FEEDING;ory_cun;25
SABOJI;O684;FEEDING;ory_cun;25
SABOJI;O682;FEEDING;ory_cun;25
SABOJI;O682;FEEDING;ory_cun;25
SABOJI;O682;NO FEEDING;ory_cun;25
SABOJI;O682;FEEDING;ory_cun;25
SABMAR;M648;FEEDING;ory_cun;25
SABOJI;O682;FEEDING;ory_cun;25
SABOJI;O682;FEEDING;ory_cun;25
SABOJI;O682;FEEDING;ory_cun;25
SABOJI;O105;FEEDING;cer_ela;25
SABOJI;O105;FEEDING;ory_cun;25
SABOJI;O682;FEEDING;ory_cun;25
SABOJI;O682;FEEDING;ory_cun;25
SABOJI;O105;FEEDING;cer_ela;25
SABOJI;O105;FEEDING;ory_cun;25
SABOJI;O682;FEEDING;ory_cun;25
SABOJI;O682;FEEDING;ory_cun;25
SABOJI;O682;FEEDING;ory_cun;25
SABOJI;O105;FEEDING;cer_ela;25
SABOJI;O105;FEEDING;cer_ela;25
SABOJI;O682;FEEDING;ory_cun;25
SABOJI;O682;FEEDING;ory_cun;25
SABOJI;O682;FEEDING;ory_cun;25
SABOJI;O682;FEEDING;ory_cun;25
SABOJI;O682;FEEDING;ory_cun;25
SABOJI;O682;FEEDING;ory_cun;25
SABOJI;O105;FEEDING;cer_ela;25
SABMAR;M648;FEEDING;ory_cun;25
SABOJI;O231;NO FEEDING;ory_cun;25
SABOJI;O682;FEEDING;ory_cun;25
SABOJI;O682;FEEDING;ory_cun;25
SABOJI;O682;FEEDING;ory_cun;25
SABOJI;O682;NO FEEDING;ory_cun;25
SABOJI;O682;NO FEEDING;ory_cun;25
SABOJI;O682;FEEDING;ory_cun;25
SABOJI;O105;FEEDING;cer_ela;25
SABOJI;O682;FEEDING;ory_cun;25
SABCOL;C107;FEEDING;tur_phi;25
SABCOL;C107;FEEDING;tur_phi;25
SABCOL;C107;NO FEEDING;tur_phi;25
SABCOL;C165;FEEDING;tur_phi;25
SABMAR;M826;FEEDING;ory_cun;25
SABOJI;O384;NO FEEDING;ory_cun;25
SABCOL;C107;NO FEEDING;tur_mer;25
SABCOL;C107;NO FEEDING;tur_phi;25
SABCOL;C165;FEEDING;tur_phi;25
SABCOL;C165;FEEDING;tur_phi;25
SABCOL;C165;FEEDING;tur_phi;25
SABCOL;C165;FEEDING;tur_phi;25
SABCOL;C165;FEEDING;tur_phi;25
SABOJI;O042;FEEDING;tur_phi;25
SABCOL;C017;FEEDING;cer_ela;25
SABCOL;C055;NO FEEDING;tur_mer;25
SABCOL;C165;FEEDING;tur_phi;25
SABCOL;C165;NO FEEDING;tur_mer;25
SABCOL;C165;NO FEEDING;tur_phi;25
SABOJI;O384;FEEDING;ory_cun;25
SABOJI;O384;FEEDING;tur_phi;25
SABOJI;O042;FEEDING;ory_cun;25
SABOJI;O042;FEEDING;ory_cun;25
SABOJI;O042;NO FEEDING;tur_phi;25
SABCOL;C107;FEEDING;cer_ela;25
SABCOL;C055;FEEDING;tur_mer;25
SABMAR;M208;NO FEEDING;chl_chl;25
SABOJI;O384;FEEDING;ory_cun;25
SABOJI;O042;FEEDING;ory_cun;25
SABOJI;O042;FEEDING;ory_cun;25
SABCOL;C075;FEEDING;chl_chl;25
SABCOL;C075;FEEDING;chl_chl;25
SABOJI;O148;FEEDING;ory_cun;25
SABOJI;O304;FEEDING;ory_cun;25
SABOJI;O384;NO FEEDING;tur_phi;25
SABOJI;O375;FEEDING;tur_phi;25
SABCOL;C165;FEEDING;tur_mer;25
SABCOL;C107;FEEDING;cer_ela;25
SABMAR;M843;NO FEEDING;cya_cya;26
SABMAR;M843;NO FEEDING;cya_cya;26
SABCOL;C141;NO FEEDING;ale_ruf;26
SABMAR;M843;NO FEEDING;cya_cya;26
SABMAR;M843;NO FEEDING;cya_cya;26
SABMAR;M843;NO FEEDING;cya_cya;26
SABMAR;M843;NO FEEDING;cya_cya;26
SABOJI;O123;FEEDING;cer_ela;26
SABCOL;C174;FEEDING;cer_ela;26
SABCOL;C316;FEEDING;cer_ela;26
SABCOL;C197;FEEDING;cer_ela;26
SABCOL;C197;FEEDING;cer_ela;26
SABCOL;C197;FEEDING;cer_ela;26
SABOJI;O553;NO FEEDING;ory_cun;26
SABOJI;O642;FEEDING;cer_ela;26
SABOJI;O553;NO FEEDING;ory_cun;26
SABCOL;C050;FEEDING;cer_ela;26
SABCOL;C174;FEEDING;cer_ela;26
SABCOL;C197;FEEDING;cer_ela;26
SABMAR;M956;FEEDING;ory_cun;26
SABOJI;O352;FEEDING;ory_cun;26
SABOJI;O553;NO FEEDING;tur_mer;26
SABOJI;O123;FEEDING;ory_cun;26
SABOJI;O105;FEEDING;cer_ela;26
SABCOL;C150;NO FEEDING;tur_mer;26
SABMAR;M144;FEEDING;ory_cun;26
SABMAR;M648;FEEDING;ory_cun;26
SABOJI;O689;FEEDING;ory_cun;26
SABOJI;O105;FEEDING;cer_ela;26
SABOJI;O105;FEEDING;cer_ela;26
SABOJI;O105;FEEDING;cer_ela;26
SABOJI;O268;FEEDING;ory_cun;26
SABCOL;C014;FEEDING;cer_ela;26
SABCOL;C024;FEEDING;cer_ela;26
SABOJI;O688;FEEDING;ory_cun;26
SABCOL;C193;FEEDING;cer_ela;26
SABOJI;O105;FEEDING;tur_mer;26
SABCOL;C193;FEEDING;cer_ela;26
SABMAR;M648;NO FEEDING;ory_cun;26
SABOJI;O241;FEEDING;ory_cun;26
SABOJI;O687;FEEDING;ory_cun;26
SABOJI;O105;FEEDING;cer_ela;26
SABOJI;O105;FEEDING;cer_ela;26
SABOJI;O685;FEEDING;ory_cun;26
SABOJI;O686;FEEDING;ory_cun;26
SABOJI;O105;FEEDING;cer_ela;26
SABOJI;O105;FEEDING;vul_vul;26
SABOJI;O105;NO FEEDING;ory_cun;26
SABOJI;O105;FEEDING;tur_mer;26
SABOJI;O105;NO FEEDING;tur_mer;26
SABMAR;M144;NO FEEDING;cya_cya;27
SABMAR;M847;FEEDING;ory_cun;27
SABOJI;O008;FEEDING;ory_cun;27
SABOJI;O008;FEEDING;ory_cun;27
SABOJI;O137;FEEDING;ory_cun;27
SABMAR;M144;NO FEEDING;cya_cya;27
SABMAR;M144;NO FEEDING;cya_cya;27
SABMAR;M144;NO FEEDING;cya_cya;27
SABMAR;M144;NO FEEDING;cya_cya;27
SABOJI;O268;FEEDING;ory_cun;27
SABCOL;C106;FEEDING;vul_vul;27
SABOJI;O137;FEEDING;ory_cun;27
SABOJI;O137;FEEDING;ory_cun;27
SABOJI;O268;NO FEEDING;tur_mer;27
SABMAR;M144;NO FEEDING;cya_cya;27
SABOJI;O008;FEEDING;ory_cun;27
SABCOL;C172;FEEDING;cer_ela;27
SABOJI;O268;FEEDING;ory_cun;27
SABOJI;O136;FEEDING;tur_mer;27
SABCOL;C316;NO FEEDING;tur_mer;27
SABMAR;M843;NO FEEDING;cya_cya;27
SABMAR;M956;FEEDING;ory_cun;27
SABCOL;C153;FEEDING;sus_scr;28
SABCOL;C153;FEEDING;sus_scr;28
SABCOL;C153;FEEDING;sus_scr;28
SABCOL;C153;FEEDING;sus_scr;28
SABCOL;C083;FEEDING;cer_ela;28
SABMAR;M664;NO FEEDING;tur_mer;28
SABOJI;O023;FEEDING;vul_vul;28
SABMAR;M136;FEEDING;vul_vul;28
SABCOL;C168;FEEDING;cer_ela;28
SABCOL;C168;FEEDING;cer_ela;28
SABCOL;C131;FEEDING;ory_cun;28
SABCOL;C106;FEEDING;cer_ela;28
SABCOL;C172;FEEDING;cer_ela;28
SABOJI;O023;FEEDING;ory_cun;28
SABOJI;O023;FEEDING;ory_cun;28
SABCOL;C162;FEEDING;cer_ela;28
SABMAR;M087;NO FEEDING;syl_mel;29
SABCOL;C055;NO FEEDING;tur_mer;29
SABOJI;O148;FEEDING;ory_cun;29
SABMAR;M826;FEEDING;ory_cun;29
SABMAR;M826;FEEDING;ory_cun;29
SABMAR;M826;FEEDING;ory_cun;29
SABCOL;C107;FEEDING;vul_vul;29
SABCOL;C153;FEEDING;cer_ela;29
SABCOL;C153;FEEDING;cer_ela;29
SABMAR;M826;FEEDING;ory_cun;29
SABCOL;C153;FEEDING;sus_scr;29
SABCOL;C153;FEEDING;sus_scr;29
SABMAR;M820;FEEDING;tur_mer;29
SABCOL;C150;FEEDING;ale_ruf;30
SABOJI;O231;FEEDING;ory_cun;30
SABOJI;O105;FEEDING;ory_cun;30
SABMAR;M144;FEEDING;ory_cun;30
SABOJI;O241;FEEDING;ory_cun;30
SABCOL;C150;FEEDING;ale_ruf;30
SABCOL;C150;FEEDING;ale_ruf;30
SABCOL;C150;FEEDING;ale_ruf;30
SABCOL;C150;FEEDING;ale_ruf;30
SABCOL;C150;FEEDING;ale_ruf;30
SABOJI;O105;FEEDING;cer_ela;30
SABMAR;M826;FEEDING;ory_cun;30
SABOJI;O054;FEEDING;ory_cun;30
SABOJI;O136;FEEDING;ory_cun;31
SABMAR;M843;FEEDING;ory_cun;31
SABOJI;O136;FEEDING;ory_cun;31
SABOJI;O136;FEEDING;ory_cun;31
SABOJI;O553;FEEDING;ory_cun;31
SABOJI;O241;FEEDING;vul_vul;31