"","no","plant_id","disperser","priority"
"1",13,"314","Cyanopica cooki",1
"2",14,"315","Erithacus rubecula",1
"3",15,"327","Chloris chloris",1
"4",16,"314","Columba palumbus",1
"5",17,"314","Alectoris rufa",1
"6",27,"332","Turdus merula",1
"7",28,"333","Fringilla coelebs",1
"8",29,"314","Columba palumbus",1
"9",30,"314","Columba palumbus",1
"10",31,"301","Erithacus rubecula",1
"11",32,"301","Erithacus rubecula",1
"12",33,"302","Erithacus rubecula",1
"13",34,"315","Erithacus rubecula",1
"14",35,"315","Erithacus rubecula",1
"15",36,"315","Erithacus rubecula",1
"16",37,"315","Erithacus rubecula",1
"17",38,"315","Erithacus rubecula",1
"18",39,"315","Erithacus rubecula",1
"19",40,"315","Chloris chloris",1
"20",41,"315","Erithacus rubecula",1
"21",42,"315","Erithacus rubecula",1
"22",43,"315","Erithacus rubecula",1
"23",44,"315","Erithacus rubecula",1
"24",45,"313","Erithacus rubecula",1
"25",46,"320","Erithacus rubecula",1
"26",47,"320","Erithacus rubecula",1
"27",48,"320","Turdus philomelos",1
"28",49,"320","Turdus merula",1
"29",50,"320","Erithacus rubecula",1
"30",51,"320","Erithacus rubecula",1
"31",52,"320","Erithacus rubecula",1
"32",53,"320","Erithacus rubecula",1
"33",54,"320","Turdus philomelos",1
"34",55,"321","Erithacus rubecula",1
"35",58,"322","Erithacus rubecula",1
"36",59,"324","Erithacus rubecula",1
"37",60,"325","Erithacus rubecula",1
"38",61,"325","Sylvia atricapilla",1
"39",62,"329","Erithacus rubecula",1
"40",63,"330","Erithacus rubecula",1
"41",64,"331","Phylloscopus collybita",1
"42",65,"331","Erithacus rubecula",1
"43",66,"331","Erithacus rubecula",1
"44",67,"331","Erithacus rubecula",1
"45",69,"334","Erithacus rubecula",1
"46",73,"336","Sylvia melanocephala",1
"47",74,"337","Chloris chloris",1
"48",75,"337","Sylvia melanocephala",1
"49",76,"337","Chloris chloris",1
"50",77,"337","Erithacus rubecula",1
"51",78,"337","Erithacus rubecula",1
"52",79,"337","Erithacus rubecula",1
"53",80,"338","Chloris chloris",1
"54",84,"303","Chloris chloris",1
"55",86,"304","Erithacus rubecula",1
"56",87,"304","Chloris chloris",1
"57",88,"304","Sylvia atricapilla",1
"58",89,"304","Sylvia atricapilla",1
"59",90,"304","Sylvia atricapilla",1
"60",91,"305","Erithacus rubecula",1
"61",92,"306","Cettia cetti",1
"62",93,"306","Chloris chloris",1
"63",94,"307","Chloris chloris",1
"64",95,"307","Chloris chloris",1
"65",96,"307","Chloris chloris",1
"66",97,"307","Chloris chloris",1
"67",98,"307","Chloris chloris",1
"68",99,"308","Erithacus rubecula",1
"69",100,"308","Erithacus rubecula",1
"70",101,"308","Erithacus rubecula",1
"71",102,"308","Erithacus rubecula",1
"72",103,"309","Erithacus rubecula",1
"73",104,"318","Sylvia melanocephala",1
"74",105,"318","Erithacus rubecula",1
"75",109,"332","Chloris chloris",1
"76",111,"332","Chloris chloris",1
"77",114,"337","Chloris chloris",1
"78",115,"337","Chloris chloris",1
"79",119,"330","Erithacus rubecula",1
"80",120,"330","Erithacus rubecula",1
"81",121,"330","Sylvia melanocephala",1
"82",122,"330","Sylvia melanocephala",1
"83",123,"330","Sylvia melanocephala",1
"84",124,"310","Erithacus rubecula",1
"85",125,"310","Erithacus rubecula",1
"86",126,"310","Erithacus rubecula",1
"87",127,"310","Erithacus rubecula",1
"88",128,"338","Erithacus rubecula",1
"89",129,"305","Erithacus rubecula",1
"90",130,"305","Erithacus rubecula",1
"91",131,"305","Erithacus rubecula",1
"92",132,"305","Erithacus rubecula",1
"93",133,"306","Turdus philomelos",1
"94",134,"306","Sylvia atricapilla",1
"95",135,"306","Erithacus rubecula",1
"96",136,"309","Chloris chloris",1
"97",137,"335","Erithacus rubecula",1
"98",138,"301","Erithacus rubecula",1
"99",139,"302","Erithacus rubecula",1
"100",140,"303","Erithacus rubecula",1
"101",141,"303","Erithacus rubecula",1
"102",142,"304","Sylvia atricapilla",1
"103",143,"307","Turdus philomelos",1
"104",144,"307","Sylvia melanocephala",1
"105",147,"312","Sylvia atricapilla",1
"106",148,"312","Erithacus rubecula",1
"107",149,"312","Erithacus rubecula",1
"108",150,"314","Sylvia melanocephala",1
"109",151,"314","Sylvia melanocephala",1
"110",152,"314","Erithacus rubecula",1
"111",153,"314","Sylvia melanocephala",1
"112",154,"314","Erithacus rubecula",1
"113",155,"315","Erithacus rubecula",1
"114",156,"315","Erithacus rubecula",1
"115",157,"315","Erithacus rubecula",1
"116",158,"315","Erithacus rubecula",1
"117",159,"315","Erithacus rubecula",1
"118",160,"315","Erithacus rubecula",1
"119",161,"315","Sylvia melanocephala",1
"120",162,"315","Erithacus rubecula",1
"121",163,"315","Erithacus rubecula",1
"122",165,"318","Sylvia atricapilla",1
"123",166,"318","Erithacus rubecula",1
"124",167,"319","Sylvia melanocephala",1
"125",168,"319","Sylvia melanocephala",1
"126",169,"319","Erithacus rubecula",1
"127",170,"319","Chloris chloris",1
"128",171,"320","Erithacus rubecula",1
"129",173,"320","Sylvia atricapilla",1
"130",177,"320","Sylvia atricapilla",1
"131",178,"321","Chloris chloris",1
"132",179,"322","Chloris chloris",1
"133",180,"322","Chloris chloris",1
"134",181,"325","Sylvia melanocephala",1
"135",183,"326","Sylvia melanocephala",1
"136",184,"326","Erithacus rubecula",1
"137",185,"327","Turdus merula",1
"138",187,"332","Sylvia atricapilla",1
"139",189,"334","Turdus philomelos",1
"140",190,"337","Sturnus unicolor",1
"141",191,"337","Sturnus unicolor",1
"142",192,"338","Erithacus rubecula",1
"143",193,"338","Erithacus rubecula",1
"144",195,"301","Sylvia melanocephala",1
"145",196,"301","Sylvia melanocephala",1
"146",197,"301","Erithacus rubecula",1
"147",198,"301","Sylvia melanocephala",1
"148",199,"304","Erithacus rubecula",1
"149",200,"304","Chloris chloris",1
"150",201,"304","Sylvia atricapilla",1
"151",202,"304","Erithacus rubecula",1
"152",205,"318","Sylvia melanocephala",1
"153",206,"318","Sylvia melanocephala",1
"154",207,"318","Sylvia melanocephala",1
"155",208,"318","Erithacus rubecula",1
"156",209,"318","Erithacus rubecula",1
"157",210,"318","Erithacus rubecula",1
"158",211,"318","Turdus philomelos",1
"159",212,"320","Erithacus rubecula",1
"160",213,"320","Erithacus rubecula",1
"161",214,"320","Erithacus rubecula",1
"162",215,"320","Chloris chloris",1
"163",216,"320","Erithacus rubecula",1
"164",219,"323","Sylvia melanocephala",1
"165",220,"323","Erithacus rubecula",1
"166",223,"325","Erithacus rubecula",1
"167",224,"326","Chloris chloris",1
"168",225,"326","Erithacus rubecula",1
"169",227,"326","Erithacus rubecula",1
"170",228,"326","Sylvia atricapilla",1
"171",229,"329","Turdus philomelos",1
"172",230,"329","Sylvia melanocephala",1
"173",231,"329","Erithacus rubecula",1
"174",232,"329","Sylvia melanocephala",1
"175",241,"330","Erithacus rubecula",1
"176",242,"330","Sylvia melanocephala",1
"177",243,"331","Turdus philomelos",1
"178",249,"333","Sylvia atricapilla",1
"179",251,"337","Chloris chloris",1
"180",252,"340","Sylvia melanocephala",1
"181",253,"340","Sylvia melanocephala",1
"182",254,"340","Erithacus rubecula",1
"183",255,"340","Erithacus rubecula",1
"184",256,"340","Erithacus rubecula",1
"185",257,"340","Erithacus rubecula",1
"186",258,"303","Erithacus rubecula",1
"187",259,"303","Erithacus rubecula",1
"188",260,"303","Erithacus rubecula",1
"189",261,"305","Erithacus rubecula",1
"190",262,"305","Erithacus rubecula",1
"191",263,"305","Erithacus rubecula",1
"192",264,"305","Sylvia melanocephala",1
"193",267,"306","Sylvia undata",1
"194",268,"306","Erithacus rubecula",1
"195",269,"306","Erithacus rubecula",1
"196",270,"306","Erithacus rubecula",1
"197",271,"306","Sylvia melanocephala",1
"198",272,"306","Erithacus rubecula",1
"199",273,"307","Erithacus rubecula",1
"200",274,"307","Sylvia melanocephala",1
"201",275,"307","Sylvia melanocephala",1
"202",277,"308","Erithacus rubecula",1
"203",278,"308","Erithacus rubecula",1
"204",279,"308","Erithacus rubecula",1
"205",280,"308","Erithacus rubecula",1
"206",281,"308","Erithacus rubecula",1
"207",283,"308","Sylvia melanocephala",1
"208",286,"309","Erithacus rubecula",1
"209",287,"309","Erithacus rubecula",1
"210",288,"309","Erithacus rubecula",1
"211",290,"310","Erithacus rubecula",1
"212",291,"310","Erithacus rubecula",1
"213",292,"310","Erithacus rubecula",1
"214",293,"310","Erithacus rubecula",1
"215",294,"310","Sylvia melanocephala",1
"216",295,"310","Erithacus rubecula",1
"217",296,"311","Erithacus rubecula",1
"218",297,"311","Erithacus rubecula",1
"219",298,"311","Erithacus rubecula",1
"220",299,"311","Erithacus rubecula",1
"221",300,"311","Erithacus rubecula",1
"222",301,"311","Turdus philomelos",1
"223",302,"311","Erithacus rubecula",1
"224",303,"311","Erithacus rubecula",1
"225",304,"313","Erithacus rubecula",1
"226",305,"313","Erithacus rubecula",1
"227",306,"313","Erithacus rubecula",1
"228",307,"313","Erithacus rubecula",1
"229",308,"313","Erithacus rubecula",1
"230",309,"313","Sylvia melanocephala",1
"231",310,"313","Sylvia melanocephala",1
"232",311,"313","Sylvia melanocephala",1
"233",312,"315","Erithacus rubecula",1
"234",313,"315","Erithacus rubecula",1
"235",314,"315","Erithacus rubecula",1
"236",321,"316","Erithacus rubecula",1
"237",325,"317","Sylvia atricapilla",1
"238",326,"317","Sylvia melanocephala",1
"239",327,"317","Erithacus rubecula",1
"240",328,"317","Sylvia melanocephala",1
"241",330,"319","Sylvia melanocephala",1
"242",331,"319","Sylvia melanocephala",1
"243",332,"319","Chloris chloris",1
"244",333,"324","Erithacus rubecula",1
"245",344,"327","Turdus merula",1
"246",345,"327","Turdus merula",1
"247",346,"327","Turdus merula",1
"248",348,"327","Erithacus rubecula",1
"249",352,"334","Sylvia melanocephala",1
"250",353,"335","Sylvia atricapilla",1
"251",355,"338","Chloris chloris",1
"252",356,"338","Erithacus rubecula",1
"253",357,"338","Erithacus rubecula",1
"254",358,"338","Erithacus rubecula",1
"255",359,"338","Sylvia melanocephala",1
"256",361,"339","Erithacus rubecula",1
"257",362,"314","Sylvia undata",1
"258",363,"314","Erithacus rubecula",1
"259",364,"314","Erithacus rubecula",1
"260",366,"314","Erithacus rubecula",1
"261",367,"314","Erithacus rubecula",1
"262",370,"314","Cyanopica cooki",1
"263",372,"314","Erithacus rubecula",1
"264",376,"315","Erithacus rubecula",1
"265",378,"315","Erithacus rubecula",1
"266",379,"315","Erithacus rubecula",1
"267",382,"315","Erithacus rubecula",1
"268",383,"320","Erithacus rubecula",1
"269",385,"320","Erithacus rubecula",1
"270",386,"320","Erithacus rubecula",1
"271",387,"322","Chloris chloris",1
"272",388,"322","Chloris chloris",1
"273",389,"322","Chloris chloris",1
"274",391,"338","Sylvia melanocephala",1
"275",392,"338","Turdus philomelos",1
"276",394,"338","Erithacus rubecula",1
"277",395,"338","Erithacus rubecula",1
"278",396,"338","Erithacus rubecula",1
"279",397,"338","Erithacus rubecula",1
"280",398,"338","Erithacus rubecula",1
"281",401,"338","Sylvia melanocephala",1
"282",402,"338","Sylvia melanocephala",1
"283",403,"304","Erithacus rubecula",1
"284",404,"304","Sylvia atricapilla",1
"285",405,"304","Sylvia undata",1
"286",406,"304","Sylvia melanocephala",1
"287",407,"304","Sylvia melanocephala",1
"288",408,"304","Sylvia atricapilla",1
"289",410,"304","Erithacus rubecula",1
"290",411,"304","Cyanopica cooki",1
"291",412,"304","Sylvia melanocephala",1
"292",413,"304","Sylvia atricapilla",1
"293",421,"306","Sylvia melanocephala",1
"294",422,"306","Erithacus rubecula",1
"295",423,"306","Erithacus rubecula",1
"296",425,"306","Erithacus rubecula",1
"297",426,"306","Erithacus rubecula",1
"298",427,"330","Erithacus rubecula",1
"299",428,"330","Erithacus rubecula",1
"300",429,"331","Sylvia melanocephala",1
"301",430,"331","Sylvia melanocephala",1
"302",431,"331","Chloris chloris",1
"303",433,"337","Chloris chloris",1
"304",434,"337","Chloris chloris",1
"305",435,"337","Chloris chloris",1
"306",436,"337","Chloris chloris",1
"307",437,"304","Sylvia melanocephala",1
"308",438,"304","Sylvia melanocephala",1
"309",439,"304","Sylvia melanocephala",1
"310",440,"304","Sylvia melanocephala",1
"311",441,"304","Erithacus rubecula",1
"312",442,"304","Sylvia melanocephala",1
"313",444,"304","Erithacus rubecula",1
"314",449,"314","Erithacus rubecula",1
"315",450,"314","Erithacus rubecula",1
"316",452,"314","Erithacus rubecula",1
"317",454,"315","Erithacus rubecula",1
"318",455,"315","Sylvia melanocephala",1
"319",456,"315","Erithacus rubecula",1
"320",457,"315","Erithacus rubecula",1
"321",461,"320","Erithacus rubecula",1
"322",463,"322","Chloris chloris",1
"323",464,"322","Chloris chloris",1
"324",465,"337","Erithacus rubecula",1
"325",466,"337","Erithacus rubecula",1
"326",468,"337","Erithacus rubecula",1
"327",470,"338","Erithacus rubecula",1
"328",471,"338","Erithacus rubecula",1
"329",472,"338","Erithacus rubecula",1
"330",473,"338","Erithacus rubecula",1
"331",475,"338","Erithacus rubecula",1
"332",478,"338","Chloris chloris",1
"333",479,"306","Erithacus rubecula",1
"334",480,"306","Erithacus rubecula",1
"335",481,"306","Sylvia melanocephala",1
"336",483,"306","Erithacus rubecula",1
"337",484,"306","Sylvia melanocephala",1
"338",485,"330","Chloris chloris",1
"339",486,"330","Erithacus rubecula",1
"340",487,"331","Erithacus rubecula",1
"341",488,"331","Chloris chloris",1
"342",489,"331","Sylvia undata",1
"343",490,"331","Sylvia melanocephala",1
"344",491,"331","Erithacus rubecula",1
"345",492,"304","Erithacus rubecula",1
"346",493,"304","Sylvia melanocephala",1
"347",494,"304","Sylvia melanocephala",1
"348",495,"304","Sylvia melanocephala",1
"349",496,"304","Erithacus rubecula",1
"350",497,"304","Erithacus rubecula",1
"351",501,"306","Erithacus rubecula",1
"352",504,"306","Sylvia melanocephala",1
"353",505,"306","Sylvia melanocephala",1
"354",508,"306","Cyanopica cooki",1
"355",509,"314","Sylvia melanocephala",1
"356",510,"314","Sylvia melanocephala",1
"357",511,"314","Erithacus rubecula",1
"358",512,"314","Erithacus rubecula",1
"359",513,"314","Streptopelia decaocto",1
"360",514,"314","Erithacus rubecula",1
"361",518,"315","Erithacus rubecula",1
"362",519,"315","Erithacus rubecula",1
"363",522,"320","Sylvia melanocephala",1
"364",523,"320","Erithacus rubecula",1
"365",524,"320","Sylvia melanocephala",1
"366",525,"320","Sylvia melanocephala",1
"367",526,"320","Erithacus rubecula",1
"368",531,"322","Sylvia melanocephala",1
"369",532,"322","Sylvia melanocephala",1
"370",533,"322","Sylvia melanocephala",1
"371",534,"322","Sylvia melanocephala",1
"372",535,"337","Chloris chloris",1
"373",536,"337","Erithacus rubecula",1
"374",537,"337","Sylvia melanocephala",1
"375",538,"337","Erithacus rubecula",1
"376",539,"338","Chloris chloris",1
"377",540,"338","Sylvia atricapilla",1
"378",541,"338","Erithacus rubecula",1
"379",542,"338","Erithacus rubecula",1
"380",543,"338","Erithacus rubecula",1
"381",544,"338","Erithacus rubecula",1
"382",550,"331","Erithacus rubecula",1
"383",551,"331","Erithacus rubecula",1
"384",552,"331","Sylvia melanocephala",1
"385",553,"304","Sylvia melanocephala",1
"386",554,"304","Sylvia melanocephala",1
"387",555,"304","Sylvia melanocephala",1
"388",556,"304","Sylvia melanocephala",1
"389",561,"306","Erithacus rubecula",1
"390",562,"306","Erithacus rubecula",1
"391",563,"306","Erithacus rubecula",1
"392",564,"314","Erithacus rubecula",1
"393",565,"314","Erithacus rubecula",1
"394",568,"315","Erithacus rubecula",1
"395",569,"315","Sylvia melanocephala",1
"396",570,"315","Erithacus rubecula",1
"397",573,"320","Erithacus rubecula",1
"398",574,"320","Erithacus rubecula",1
"399",575,"320","Sylvia melanocephala",1
"400",576,"320","Erithacus rubecula",1
"401",578,"320","Erithacus rubecula",1
"402",581,"322","Sylvia melanocephala",1
"403",582,"322","Erithacus rubecula",1
"404",583,"322","Erithacus rubecula",1
"405",584,"322","Erithacus rubecula",1
"406",585,"322","Sylvia melanocephala",1
"407",587,"330","Sylvia melanocephala",1
"408",590,"337","Erithacus rubecula",1
"409",592,"338","Sylvia melanocephala",1
"410",594,"338","Erithacus rubecula",1
"411",595,"338","Erithacus rubecula",1
"412",597,"338","Turdus merula",1
"413",598,"338","Erithacus rubecula",1
"414",599,"304","Erithacus rubecula",1
"415",600,"304","Sylvia melanocephala",1
"416",601,"304","Sylvia melanocephala",1
"417",602,"304","Erithacus rubecula",1
"418",603,"304","Erithacus rubecula",1
"419",609,"314","Turdus philomelos",1
"420",612,"315","Sylvia melanocephala",1
"421",614,"315","Erithacus rubecula",1
"422",616,"320","Erithacus rubecula",1
"423",620,"320","Chloris chloris",1
"424",621,"322","Erithacus rubecula",1
"425",622,"322","Sylvia melanocephala",1
"426",623,"322","Erithacus rubecula",1
"427",624,"322","Sylvia melanocephala",1
"428",625,"330","Sylvia melanocephala",1
"429",626,"330","Sylvia melanocephala",1
"430",627,"331","Erithacus rubecula",1
"431",628,"331","Erithacus rubecula",1
"432",629,"337","Sylvia melanocephala",1
"433",630,"337","Erithacus rubecula",1
"434",631,"337","Sylvia melanocephala",1
"435",632,"337","Erithacus rubecula",1
"436",633,"337","Erithacus rubecula",1
"437",634,"337","Erithacus rubecula",1
"438",635,"337","Phoenicurus ochruros",1
"439",636,"338","Sylvia melanocephala",1
"440",638,"338","Erithacus rubecula",1
"441",639,"338","Erithacus rubecula",1
"442",640,"306","Sylvia melanocephala",1
"443",641,"306","Sylvia melanocephala",1
"444",642,"306","Erithacus rubecula",1
"445",644,"304","Chloris chloris",1
"446",645,"304","Sylvia melanocephala",1
"447",646,"304","Sylvia melanocephala",1
"448",647,"304","Erithacus rubecula",1
"449",648,"304","Chloris chloris",1
"450",652,"306","Erithacus rubecula",1
"451",654,"306","Sylvia melanocephala",1
"452",655,"314","Erithacus rubecula",1
"453",656,"314","Erithacus rubecula",1
"454",657,"314","Sylvia melanocephala",1
"455",660,"331","Chloris chloris",1
"456",661,"331","Erithacus rubecula",1
"457",662,"331","Erithacus rubecula",1
"458",663,"331","Erithacus rubecula",1
"459",664,"331","Erithacus rubecula",1
"460",665,"338","Chloris chloris",1
"461",666,"338","Sylvia melanocephala",1
"462",667,"338","Erithacus rubecula",1
"463",668,"338","Sylvia melanocephala",1
"464",669,"338","Sylvia melanocephala",1
"465",670,"338","Erithacus rubecula",1
"466",672,"315","Erithacus rubecula",1
"467",673,"315","Sylvia melanocephala",1
"468",674,"315","Erithacus rubecula",1
"469",675,"320","Sylvia melanocephala",1
"470",676,"320","Erithacus rubecula",1
"471",681,"322","Erithacus rubecula",1
"472",682,"322","Erithacus rubecula",1
"473",683,"322","Erithacus rubecula",1
"474",684,"322","Sylvia melanocephala",1
"475",685,"322","Erithacus rubecula",1
"476",686,"322","Erithacus rubecula",1
"477",687,"322","Erithacus rubecula",1
"478",688,"337","Sylvia melanocephala",1
"479",689,"337","Erithacus rubecula",1
"480",690,"337","Erithacus rubecula",1
"481",691,"337","Erithacus rubecula",1
"482",692,"337","Erithacus rubecula",1
"483",693,"304","Erithacus rubecula",1
"484",694,"306","Chloris chloris",1
"485",700,"314","Erithacus rubecula",1
"486",701,"314","Sylvia melanocephala",1
"487",703,"314","Chloris chloris",1
"488",704,"314","Sylvia melanocephala",1
"489",706,"320","Sylvia melanocephala",1
"490",707,"320","Erithacus rubecula",1
"491",708,"320","Erithacus rubecula",1
"492",710,"330","Erithacus rubecula",1
"493",711,"330","Sylvia melanocephala",1
"494",712,"330","Sylvia melanocephala",1
"495",713,"330","Erithacus rubecula",1
"496",714,"331","Erithacus rubecula",1
"497",715,"331","Erithacus rubecula",1
"498",716,"331","Erithacus rubecula",1
"499",717,"331","Erithacus rubecula",1
"500",718,"331","Erithacus rubecula",1
"501",719,"331","Erithacus rubecula",1
"502",720,"338","Sylvia melanocephala",1
"503",721,"338","Erithacus rubecula",1
"504",722,"315","Erithacus rubecula",1
"505",723,"315","Erithacus rubecula",1
"506",724,"322","Erithacus rubecula",1
"507",725,"322","Sylvia melanocephala",1
"508",726,"322","Erithacus rubecula",1
"509",727,"322","Erithacus rubecula",1
"510",728,"337","Erithacus rubecula",1
"511",729,"337","Erithacus rubecula",1
"512",731,"326","Erithacus rubecula",1
"513",732,"326","Chloris chloris",1
"514",733,"326","Sylvia melanocephala",1
"515",734,"326","Sylvia melanocephala",1
"516",735,"326","Erithacus rubecula",1
"517",736,"326","Erithacus rubecula",1
"518",737,"326","Erithacus rubecula",1
"519",738,"326","Sylvia melanocephala",1
"520",739,"326","Sylvia melanocephala",1
"521",741,"326","Sylvia melanocephala",1
"522",742,"326","Erithacus rubecula",1
"523",744,"326","Erithacus rubecula",1
"524",745,"326","Chloris chloris",1
"525",746,"326","Sylvia melanocephala",1
"526",747,"326","Sylvia melanocephala",1
"527",748,"326","Erithacus rubecula",1
"528",749,"339","Chloris chloris",1
"529",751,"339","Chloris chloris",1
"530",752,"339","Erithacus rubecula",1
"531",753,"339","Chloris chloris",1
"532",755,"339","Erithacus rubecula",1
"533",756,"339","Erithacus rubecula",1
"534",757,"339","Chloris chloris",1
"535",759,"339","Erithacus rubecula",1
"536",760,"340","Chloris chloris",1
"537",761,"340","Erithacus rubecula",1
"538",762,"340","Erithacus rubecula",1
"539",763,"340","Erithacus rubecula",1
"540",764,"340","Erithacus rubecula",1
"541",765,"340","Sylvia melanocephala",1
"542",766,"340","Erithacus rubecula",1
"543",767,"340","Erithacus rubecula",1
"544",768,"340","Erithacus rubecula",1
"545",769,"340","Erithacus rubecula",1
"546",770,"340","Erithacus rubecula",1
"547",771,"340","Erithacus rubecula",1
"548",772,"340","Erithacus rubecula",1
"549",773,"340","Sylvia melanocephala",1
"550",774,"340","Erithacus rubecula",1
"551",775,"340","Erithacus rubecula",1
"552",776,"340","Erithacus rubecula",1
"553",777,"340","Erithacus rubecula",1
"554",778,"340","Erithacus rubecula",1
"555",779,"340","Erithacus rubecula",1
"556",780,"340","Sylvia melanocephala",1
"557",781,"340","Sylvia melanocephala",1
"558",782,"340","Erithacus rubecula",1
"559",783,"340","Erithacus rubecula",1
"560",784,"321","Erithacus rubecula",1
"561",785,"321","Erithacus rubecula",1
"562",786,"323","Sylvia melanocephala",1
"563",787,"323","Sylvia melanocephala",1
"564",788,"301","Sylvia melanocephala",1
"565",789,"301","Sylvia melanocephala",1
"566",790,"301","Erithacus rubecula",1
"567",791,"303","Erithacus rubecula",1
"568",792,"303","Erithacus rubecula",1
"569",793,"303","Erithacus rubecula",1
"570",794,"303","Sylvia melanocephala",1
"571",796,"305","Erithacus rubecula",1
"572",797,"305","Erithacus rubecula",1
"573",798,"305","Chloris chloris",1
"574",799,"305","Erithacus rubecula",1
"575",800,"307","Erithacus rubecula",1
"576",802,"307","Sylvia melanocephala",1
"577",803,"308","Erithacus rubecula",1
"578",804,"308","Erithacus rubecula",1
"579",806,"308","Erithacus rubecula",1
"580",807,"308","Erithacus rubecula",1
"581",808,"308","Erithacus rubecula",1
"582",809,"308","Erithacus rubecula",1
"583",810,"310","Erithacus rubecula",1
"584",811,"310","Erithacus rubecula",1
"585",812,"311","Sylvia melanocephala",1
"586",813,"312","Erithacus rubecula",1
"587",815,"312","Turdus merula",1
"588",816,"312","Erithacus rubecula",1
"589",817,"318","Sylvia melanocephala",1
"590",818,"318","Erithacus rubecula",1
"591",819,"301","Erithacus rubecula",1
"592",820,"301","Turdus merula",1
"593",821,"301","Sylvia undata",1
"594",822,"301","Turdus merula",1
"595",823,"301","Sylvia undata",1
"596",824,"301","Sylvia melanocephala",1
"597",825,"302","Sylvia melanocephala",1
"598",826,"302","Erithacus rubecula",1
"599",827,"302","Erithacus rubecula",1
"600",828,"303","Erithacus rubecula",1
"601",829,"303","Erithacus rubecula",1
"602",830,"303","Erithacus rubecula",1
"603",831,"305","Erithacus rubecula",1
"604",832,"305","Erithacus rubecula",1
"605",833,"311","Sylvia melanocephala",1
"606",834,"313","Sylvia undata",1
"607",835,"313","Erithacus rubecula",1
"608",836,"313","Sylvia melanocephala",1
"609",837,"321","Turdus merula",1
"610",838,"321","Erithacus rubecula",1
"611",839,"321","Erithacus rubecula",1
"612",840,"321","Chloris chloris",1
"613",841,"321","Sylvia melanocephala",1
"614",842,"321","Erithacus rubecula",1
"615",843,"321","Chloris chloris",1
"616",844,"321","Erithacus rubecula",1
"617",845,"323","Erithacus rubecula",1
"618",846,"307","Sylvia melanocephala",1
"619",847,"307","Sylvia melanocephala",1
"620",848,"308","Erithacus rubecula",1
"621",849,"308","Erithacus rubecula",1
"622",850,"308","Sylvia melanocephala",1
"623",851,"308","Erithacus rubecula",1
"624",852,"308","Sylvia melanocephala",1
"625",853,"308","Erithacus rubecula",1
"626",854,"308","Sylvia melanocephala",1
"627",855,"310","Sylvia melanocephala",1
"628",856,"310","Sylvia melanocephala",1
"629",857,"310","Sylvia melanocephala",1
"630",858,"310","Erithacus rubecula",1
"631",859,"310","Sylvia melanocephala",1
"632",860,"310","Sylvia melanocephala",1
"633",861,"312","Erithacus rubecula",1
"634",862,"312","Sylvia atricapilla",1
"635",863,"318","Sylvia melanocephala",1
"636",864,"318","Erithacus rubecula",1
"637",865,"318","Erithacus rubecula",1
"638",866,"318","Erithacus rubecula",1
"639",867,"318","Erithacus rubecula",1
"640",868,"301","Sylvia melanocephala",1
"641",869,"301","Sylvia melanocephala",1
"642",870,"301","Sylvia melanocephala",1
"643",872,"301","Erithacus rubecula",1
"644",873,"301","Sylvia melanocephala",1
"645",874,"301","Sylvia melanocephala",1
"646",875,"302","Erithacus rubecula",1
"647",876,"302","Sylvia melanocephala",1
"648",877,"302","Erithacus rubecula",1
"649",878,"302","Erithacus rubecula",1
"650",879,"302","Erithacus rubecula",1
"651",880,"302","Erithacus rubecula",1
"652",881,"303","Erithacus rubecula",1
"653",882,"303","Sylvia undata",1
"654",883,"303","Sylvia melanocephala",1
"655",884,"303","Erithacus rubecula",1
"656",885,"303","Sylvia melanocephala",1
"657",886,"303","Sylvia melanocephala",1
"658",887,"305","Erithacus rubecula",1
"659",888,"305","Erithacus rubecula",1
"660",889,"305","Chloris chloris",1
"661",890,"305","Sylvia melanocephala",1
"662",891,"305","Erithacus rubecula",1
"663",893,"307","Erithacus rubecula",1
"664",894,"307","Chloris chloris",1
"665",895,"307","Erithacus rubecula",1
"666",896,"307","Sylvia atricapilla",1
"667",897,"308","Sylvia melanocephala",1
"668",898,"308","Sylvia melanocephala",1
"669",899,"308","Erithacus rubecula",1
"670",900,"308","Sylvia melanocephala",1
"671",901,"308","Erithacus rubecula",1
"672",905,"321","Erithacus rubecula",1
"673",906,"310","Erithacus rubecula",1
"674",907,"310","Erithacus rubecula",1
"675",908,"310","Sylvia melanocephala",1
"676",909,"311","Sylvia undata",1
"677",910,"311","Sylvia undata",1
"678",911,"311","Sylvia melanocephala",1
"679",912,"312","Sylvia melanocephala",1
"680",913,"313","Sylvia melanocephala",1
"681",914,"313","Erithacus rubecula",1
"682",915,"313","Erithacus rubecula",1
"683",916,"313","Erithacus rubecula",1
"684",917,"313","Sylvia melanocephala",1
"685",918,"318","Erithacus rubecula",1
"686",919,"318","Sylvia melanocephala",1
"687",920,"318","Erithacus rubecula",1
"688",921,"323","Sylvia melanocephala",1
"689",922,"323","Erithacus rubecula",1
"690",923,"302","Erithacus rubecula",1
"691",924,"303","Erithacus rubecula",1
"692",926,"305","Erithacus rubecula",1
"693",927,"307","Sylvia melanocephala",1
"694",928,"307","Erithacus rubecula",1
"695",929,"307","Sylvia melanocephala",1
"696",930,"307","Sylvia melanocephala",1
"697",931,"307","Sylvia melanocephala",1
"698",932,"308","Sylvia melanocephala",1
"699",933,"308","Erithacus rubecula",1
"700",934,"308","Erithacus rubecula",1
"701",935,"310","Sylvia melanocephala",1
"702",937,"311","Sylvia melanocephala",1
"703",939,"313","Sylvia melanocephala",1
"704",940,"313","Erithacus rubecula",1
"705",941,"313","Sylvia melanocephala",1
"706",942,"313","Sylvia melanocephala",1
"707",943,"318","Sylvia melanocephala",1
"708",944,"318","Erithacus rubecula",1
"709",945,"318","Sylvia melanocephala",1
"710",946,"318","Sylvia melanocephala",1
"711",947,"318","Sylvia melanocephala",1
"712",948,"321","Erithacus rubecula",1
"713",949,"321","Erithacus rubecula",1
"714",950,"321","Sylvia melanocephala",1
"715",951,"323","Erithacus rubecula",1
"716",952,"323","Sylvia melanocephala",1
"717",953,"323","Erithacus rubecula",1
"718",954,"301","Erithacus rubecula",1
"719",955,"301","Erithacus rubecula",1
"720",956,"302","Erithacus rubecula",1
"721",957,"303","Chloris chloris",1
"722",958,"305","Erithacus rubecula",1
"723",959,"305","Sylvia melanocephala",1
"724",960,"305","Chloris chloris",1
"725",961,"307","Erithacus rubecula",1
"726",962,"307","Erithacus rubecula",1
"727",963,"307","Erithacus rubecula",1
"728",964,"307","Sylvia melanocephala",1
"729",965,"307","Sylvia melanocephala",1
"730",966,"308","Sylvia melanocephala",1
"731",967,"308","Sylvia melanocephala",1
"732",968,"310","Sylvia melanocephala",1
"733",969,"310","Sylvia melanocephala",1
"734",970,"310","Sylvia melanocephala",1
"735",971,"310","Sylvia melanocephala",1
"736",972,"311","Sylvia melanocephala",1
"737",973,"312","Erithacus rubecula",1
"738",974,"312","Sylvia melanocephala",1
"739",975,"318","Erithacus rubecula",1
"740",976,"318","Erithacus rubecula",1
"741",977,"321","Chloris chloris",1
"742",978,"321","Erithacus rubecula",1
"743",979,"321","Erithacus rubecula",1
"744",980,"321","Erithacus rubecula",1
"745",982,"323","Sylvia melanocephala",1
"746",983,"323","Erithacus rubecula",1
"747",984,"323","Sylvia melanocephala",1
"748",986,"313","Sylvia melanocephala",1
"749",987,"313","Sylvia melanocephala",1
"750",988,"303","Erithacus rubecula",1
"751",989,"303","Erithacus rubecula",1
"752",990,"303","Erithacus rubecula",1
"753",992,"307","Sylvia melanocephala",1
"754",993,"307","Erithacus rubecula",1
"755",994,"307","Sylvia melanocephala",1
"756",995,"308","Sylvia melanocephala",1
"757",996,"302","Sylvia melanocephala",1
"758",998,"302","Sylvia melanocephala",1
"759",999,"302","Sylvia melanocephala",1
"760",1000,"311","Sylvia melanocephala",1
"761",1001,"311","Erithacus rubecula",1
"762",1002,"313","Sylvia melanocephala",1
"763",1003,"313","Sylvia melanocephala",1
"764",1004,"318","Sylvia melanocephala",1
"765",1005,"318","Sylvia melanocephala",1
"766",1006,"318","Chloris chloris",1
"767",1007,"321","Chloris chloris",1
"768",1008,"321","Sylvia melanocephala",1
"769",1009,"321","Sylvia melanocephala",1
"770",1010,"321","Chloris chloris",1
"771",1011,"321","Sylvia melanocephala",1
"772",1012,"321","Sylvia melanocephala",1
"773",1013,"323","Erithacus rubecula",1
"774",1014,"301","Chloris chloris",1
"775",1015,"302","Erithacus rubecula",1
"776",1016,"302","Erithacus rubecula",1
"777",1017,"303","Erithacus rubecula",1
"778",1018,"305","Erithacus rubecula",1
"779",1019,"305","Erithacus rubecula",1
"780",1020,"307","Erithacus rubecula",1
"781",1021,"307","Erithacus rubecula",1
"782",1022,"308","Erithacus rubecula",1
"783",1023,"308","Erithacus rubecula",1
"784",1024,"310","Sylvia melanocephala",1
"785",1025,"312","Sylvia melanocephala",1
"786",1026,"312","Chloris chloris",1
"787",1027,"312","Chloris chloris",1
"788",1028,"313","Sylvia melanocephala",1
"789",1029,"318","Erithacus rubecula",1
"790",1030,"318","Sylvia melanocephala",1
"791",1031,"318","Chloris chloris",1
"792",1032,"318","Chloris chloris",1
"793",1033,"318","Chloris chloris",1
"794",1035,"321","Erithacus rubecula",1
"795",1036,"321","Sylvia melanocephala",1
"796",1037,"323","Erithacus rubecula",1
"797",1038,"323","Erithacus rubecula",1
"798",1039,"323","Erithacus rubecula",1
"799",1040,"311","Sylvia melanocephala",1
"800",1041,"312","Turdus philomelos",1
"801",1042,"323","Sylvia melanocephala",1
"802",1044,"316","Erithacus rubecula",1
"803",1045,"324","Erithacus rubecula",1
"804",1047,"324","Erithacus rubecula",1
"805",1048,"324","Erithacus rubecula",1
"806",1049,"324","Erithacus rubecula",1
"807",1050,"324","Erithacus rubecula",1
"808",1051,"324","Erithacus rubecula",1
"809",1055,"334","Erithacus rubecula",1
"810",1056,"334","Sylvia melanocephala",1
"811",1058,"334","Erithacus rubecula",1
"812",1060,"334","Erithacus rubecula",1
"813",1063,"335","Chloris chloris",1
"814",1064,"335","Sylvia undata",1
"815",1065,"335","Sylvia melanocephala",1
"816",1066,"335","Sylvia melanocephala",1
"817",1067,"335","Erithacus rubecula",1
"818",1068,"335","Erithacus rubecula",1
"819",1069,"335","Erithacus rubecula",1
"820",1070,"309","Erithacus rubecula",1
"821",1071,"309","Erithacus rubecula",1
"822",1072,"309","Erithacus rubecula",1
"823",1073,"309","Erithacus rubecula",1
"824",1076,"317","Sylvia atricapilla",1
"825",1077,"317","Erithacus rubecula",1
"826",1078,"317","Erithacus rubecula",1
"827",1079,"319","Chloris chloris",1
"828",1080,"319","Sylvia melanocephala",1
"829",1082,"325","Erithacus rubecula",1
"830",1085,"325","Erithacus rubecula",1
"831",1086,"325","Erithacus rubecula",1
"832",1088,"325","Erithacus rubecula",1
"833",1089,"325","Erithacus rubecula",1
"834",1090,"325","Erithacus rubecula",1
"835",1091,"325","Erithacus rubecula",1
"836",1093,"327","Erithacus rubecula",1
"837",1094,"327","Erithacus rubecula",1
"838",1095,"327","Erithacus rubecula",1
"839",1097,"327","Erithacus rubecula",1
"840",1098,"327","Erithacus rubecula",1
"841",1099,"328","Sylvia melanocephala",1
"842",1100,"328","Chloris chloris",1
"843",1101,"329","Sylvia melanocephala",1
"844",1102,"329","Erithacus rubecula",1
"845",1103,"329","Erithacus rubecula",1
"846",1106,"332","Erithacus rubecula",1
"847",1107,"332","Chloris chloris",1
"848",1108,"336","Chloris chloris",1
"849",1109,"336","Erithacus rubecula",1
"850",1110,"316","Erithacus rubecula",1
"851",1111,"316","Erithacus rubecula",1
"852",1112,"316","Sylvia melanocephala",1
"853",1113,"317","Erithacus rubecula",1
"854",1114,"317","Sylvia melanocephala",1
"855",1115,"317","Sylvia melanocephala",1
"856",1116,"317","Sylvia melanocephala",1
"857",1117,"317","Erithacus rubecula",1
"858",1118,"319","Sylvia melanocephala",1
"859",1119,"319","Chloris chloris",1
"860",1120,"325","Erithacus rubecula",1
"861",1121,"325","Sylvia melanocephala",1
"862",1122,"325","Erithacus rubecula",1
"863",1123,"327","Sylvia atricapilla",1
"864",1124,"327","Erithacus rubecula",1
"865",1126,"327","Sylvia melanocephala",1
"866",1127,"327","Sylvia melanocephala",1
"867",1129,"327","Erithacus rubecula",1
"868",1130,"328","Sylvia melanocephala",1
"869",1131,"328","Sylvia melanocephala",1
"870",1132,"328","Erithacus rubecula",1
"871",1133,"333","Erithacus rubecula",1
"872",1134,"333","Erithacus rubecula",1
"873",1135,"333","Erithacus rubecula",1
"874",1136,"333","Sylvia melanocephala",1
"875",1137,"334","Sylvia melanocephala",1
"876",1138,"334","Chloris chloris",1
"877",1139,"334","Erithacus rubecula",1
"878",1140,"334","Sylvia melanocephala",1
"879",1141,"335","Sylvia melanocephala",1
"880",1142,"335","Sturnus unicolor",1
"881",1143,"335","Chloris chloris",1
"882",1144,"335","Chloris chloris",1
"883",1145,"335","Sturnus unicolor",1
"884",1146,"336","Erithacus rubecula",1
"885",1147,"336","Erithacus rubecula",1
"886",1148,"336","Cyanopica cooki",1
"887",1149,"336","Erithacus rubecula",1
"888",1150,"336","Sylvia melanocephala",1
"889",1151,"309","Sylvia melanocephala",1
"890",1152,"309","Erithacus rubecula",1
"891",1153,"309","Erithacus rubecula",1
"892",1154,"309","Erithacus rubecula",1
"893",1155,"324","Erithacus rubecula",1
"894",1156,"324","Sylvia melanocephala",1
"895",1157,"324","Erithacus rubecula",1
"896",1158,"324","Erithacus rubecula",1
"897",1160,"329","Erithacus rubecula",1
"898",1161,"329","Erithacus rubecula",1
"899",1162,"332","Erithacus rubecula",1
"900",1163,"332","Erithacus rubecula",1
"901",1164,"332","Sylvia undata",1
"902",1165,"332","Erithacus rubecula",1
"903",1166,"309","Erithacus rubecula",1
"904",1167,"309","Erithacus rubecula",1
"905",1168,"309","Sylvia melanocephala",1
"906",1170,"319","Sylvia melanocephala",1
"907",1171,"324","Erithacus rubecula",1
"908",1172,"324","Cyanopica cooki",1
"909",1173,"324","Sylvia melanocephala",1
"910",1174,"324","Erithacus rubecula",1
"911",1175,"324","Erithacus rubecula",1
"912",1176,"324","Erithacus rubecula",1
"913",1177,"325","Erithacus rubecula",1
"914",1178,"325","Erithacus rubecula",1
"915",1179,"325","Erithacus rubecula",1
"916",1180,"325","Sylvia melanocephala",1
"917",1181,"325","Erithacus rubecula",1
"918",1182,"333","Erithacus rubecula",1
"919",1183,"333","Erithacus rubecula",1
"920",1185,"333","Erithacus rubecula",1
"921",1186,"334","Erithacus rubecula",1
"922",1187,"334","Erithacus rubecula",1
"923",1189,"334","Sylvia melanocephala",1
"924",1190,"334","Erithacus rubecula",1
"925",1191,"336","Erithacus rubecula",1
"926",1192,"336","Erithacus rubecula",1
"927",1193,"316","Erithacus rubecula",1
"928",1194,"316","Erithacus rubecula",1
"929",1195,"316","Erithacus rubecula",1
"930",1196,"317","Erithacus rubecula",1
"931",1197,"317","Erithacus rubecula",1
"932",1198,"317","Sylvia melanocephala",1
"933",1199,"317","Erithacus rubecula",1
"934",1200,"327","Erithacus rubecula",1
"935",1201,"327","Sylvia melanocephala",1
"936",1203,"327","Erithacus rubecula",1
"937",1206,"328","Erithacus rubecula",1
"938",1207,"328","Cettia cetti",1
"939",1208,"328","Sylvia melanocephala",1
"940",1209,"328","Sylvia melanocephala",1
"941",1210,"329","Sylvia melanocephala",1
"942",1211,"329","Sylvia melanocephala",1
"943",1212,"329","Erithacus rubecula",1
"944",1213,"329","Erithacus rubecula",1
"945",1214,"329","Erithacus rubecula",1
"946",1215,"332","Erithacus rubecula",1
"947",1216,"332","Erithacus rubecula",1
"948",1217,"332","Sylvia melanocephala",1
"949",1218,"332","Sylvia melanocephala",1
"950",1219,"332","Sylvia melanocephala",1
"951",1220,"332","Erithacus rubecula",1
"952",1221,"335","Sylvia melanocephala",1
"953",1222,"335","Sylvia melanocephala",1
"954",1226,"335","Sylvia melanocephala",1
"955",1227,"309","Erithacus rubecula",1
"956",1228,"316","Erithacus rubecula",1
"957",1229,"317","Sylvia melanocephala",1
"958",1230,"317","Sylvia melanocephala",1
"959",1231,"319","Sylvia melanocephala",1
"960",1232,"324","Erithacus rubecula",1
"961",1233,"324","Erithacus rubecula",1
"962",1234,"324","Erithacus rubecula",1
"963",1235,"324","Erithacus rubecula",1
"964",1236,"325","Erithacus rubecula",1
"965",1237,"325","Sylvia melanocephala",1
"966",1238,"325","Erithacus rubecula",1
"967",1239,"325","Sylvia melanocephala",1
"968",1240,"325","Erithacus rubecula",1
"969",1241,"327","Erithacus rubecula",1
"970",1242,"327","Erithacus rubecula",1
"971",1244,"327","Erithacus rubecula",1
"972",1246,"327","Erithacus rubecula",1
"973",1247,"328","Sylvia melanocephala",1
"974",1248,"328","Sylvia melanocephala",1
"975",1249,"328","Sylvia melanocephala",1
"976",1250,"328","Erithacus rubecula",1
"977",1251,"328","Erithacus rubecula",1
"978",1252,"329","Sylvia melanocephala",1
"979",1253,"329","Erithacus rubecula",1
"980",1254,"332","Erithacus rubecula",1
"981",1255,"332","Erithacus rubecula",1
"982",1256,"332","Sylvia melanocephala",1
"983",1257,"332","Erithacus rubecula",1
"984",1258,"332","Erithacus rubecula",1
"985",1260,"333","Erithacus rubecula",1
"986",1261,"334","Sylvia melanocephala",1
"987",1265,"335","Erithacus rubecula",1
"988",1266,"335","Sylvia melanocephala",1
"989",1267,"336","Erithacus rubecula",1
"990",1268,"336","Erithacus rubecula",1
"991",1269,"316","Erithacus rubecula",1
"992",1270,"316","Erithacus rubecula",1
"993",1271,"316","Erithacus rubecula",1
"994",1272,"316","Erithacus rubecula",1
"995",1273,"317","Sylvia melanocephala",1
"996",1274,"319","Erithacus rubecula",1
"997",1275,"324","Erithacus rubecula",1
"998",1276,"324","Erithacus rubecula",1
"999",1278,"325","Erithacus rubecula",1
"1000",1279,"325","Erithacus rubecula",1
"1001",1280,"325","Erithacus rubecula",1
"1002",1282,"327","Erithacus rubecula",1
"1003",1283,"327","Erithacus rubecula",1
"1004",1284,"327","Erithacus rubecula",1
"1005",1285,"328","Erithacus rubecula",1
"1006",1286,"332","Sylvia melanocephala",1
"1007",1287,"332","Erithacus rubecula",1
"1008",1288,"332","Erithacus rubecula",1
"1009",1290,"332","Erithacus rubecula",1
"1010",1291,"332","Sylvia melanocephala",1
"1011",1292,"332","Sylvia melanocephala",1
"1012",1293,"333","Erithacus rubecula",1
"1013",1294,"333","Chloris chloris",1
"1014",1295,"334","Erithacus rubecula",1
"1015",1296,"334","Erithacus rubecula",1
"1016",1297,"334","Sylvia melanocephala",1
"1017",1299,"336","Sylvia melanocephala",1
"1018",1300,"336","Erithacus rubecula",1
"1019",1301,"336","Erithacus rubecula",1
"1020",1302,"336","Erithacus rubecula",1
"1021",1305,"325","Erithacus rubecula",1
"1022",1306,"325","Erithacus rubecula",1
"1023",1308,"325","Erithacus rubecula",1
"1024",1309,"325","Erithacus rubecula",1
"1025",1310,"325","Erithacus rubecula",1
"1026",1313,"327","Sylvia melanocephala",1
"1027",1314,"327","Erithacus rubecula",1
"1028",1315,"327","Chloris chloris",1
"1029",1317,"329","Sylvia melanocephala",1
"1030",1318,"329","Sylvia melanocephala",1
"1031",1319,"329","Erithacus rubecula",1
"1032",1320,"329","Sylvia melanocephala",1
"1033",1323,"319","Sylvia melanocephala",1
"1034",1325,"319","Sylvia melanocephala",1
"1035",1326,"319","Sylvia melanocephala",1
"1036",1327,"319","Sylvia melanocephala",1
"1037",1328,"319","Erithacus rubecula",1
"1038",1329,"324","Erithacus rubecula",1
"1039",1330,"324","Erithacus rubecula",1
"1040",1331,"324","Erithacus rubecula",1
"1041",1332,"328","Erithacus rubecula",1
"1042",1333,"328","Erithacus rubecula",1
"1043",1336,"332","Erithacus rubecula",1
"1044",1337,"332","Sylvia melanocephala",1
"1045",1339,"332","Turdus philomelos",1
"1046",1342,"334","Sylvia melanocephala",1
"1047",1343,"334","Erithacus rubecula",1
"1048",1344,"336","Erithacus rubecula",1
"1049",1346,"319","Erithacus rubecula",1
"1050",1348,"319","Sylvia melanocephala",1
"1051",1349,"319","Erithacus rubecula",1
"1052",1351,"325","Erithacus rubecula",1
"1053",1353,"325","Erithacus rubecula",1
"1054",1355,"327","Erithacus rubecula",1
"1055",1356,"327","Erithacus rubecula",1
"1056",1357,"329","Sylvia melanocephala",1
"1057",1358,"329","Erithacus rubecula",1
"1058",1359,"316","Sylvia melanocephala",1
"1059",1360,"317","Sylvia melanocephala",1
"1060",1361,"332","Erithacus rubecula",1
"1061",1362,"332","Turdus philomelos",1
"1062",1363,"332","Erithacus rubecula",1
"1063",1364,"334","Erithacus rubecula",1
"1064",1365,"334","Erithacus rubecula",1
"1065",1366,"334","Turdus philomelos",1
"1066",1367,"334","Erithacus rubecula",1
"1067",1368,"334","Sylvia melanocephala",1
"1068",1369,"335","Erithacus rubecula",1
"1069",1370,"335","Erithacus rubecula",1
"1070",1371,"336","Erithacus rubecula",1
"1071",1372,"324","Erithacus rubecula",1
"1072",1373,"324","Erithacus rubecula",1
